Reporting period,Period of coverage,Breakdown,ONS code,Level,Level description,Indicator value,CI lower,CI upper,Denominator,Numerator
2017,01/01/2017 to 31/12/2017,National,E92000001,England,Resident in England,2.8,2.8,2.9,"586,452","16,534"
2016,01/01/2016 to 31/12/2016,National,E92000001,England,Resident in England,2.8,2.7,2.8,"602,547","16,788"
2015,01/01/2015 to 31/12/2015,National,E92000001,England,Resident in England,2.8,2.7,2.8,"603,646","16,748"
2014,01/01/2014 to 31/12/2014,National,E92000001,England,Resident in England,2.9,2.8,2.9,"601,620","17,231"
2013,01/01/2013 to 31/12/2013,National,E92000001,England,Resident in England,2.8,2.8,2.9,"608,579","17,175"
2017,01/01/2017 to 31/12/2017,CCG,E38000001,02N,"NHS Airedale, Wharfedale and Craven CCG",2.0,1.4,2.9,"1,431",29
2017,01/01/2017 to 31/12/2017,CCG,E38000002,09C,NHS Ashford CCG,2.4,1.7,3.3,"1,392",33
2017,01/01/2017 to 31/12/2017,CCG,E38000004,07L,NHS Barking and Dagenham CCG,3.8,3.2,4.5,"3,471",131
2017,01/01/2017 to 31/12/2017,CCG,E38000005,07M,NHS Barnet CCG,2.6,2.2,3.1,"4,821",127
2017,01/01/2017 to 31/12/2017,CCG,E38000006,02P,NHS Barnsley CCG,3.0,2.4,3.8,"2,522",76
2017,01/01/2017 to 31/12/2017,CCG,E38000007,99E,NHS Basildon and Brentwood CCG,2.1,1.6,2.7,"3,051",64
2017,01/01/2017 to 31/12/2017,CCG,E38000008,02Q,NHS Bassetlaw CCG,3.0,2.1,4.3,956,29
2017,01/01/2017 to 31/12/2017,CCG,E38000009,11E,NHS Bath and North East Somerset CCG,2.8,2.0,3.7,"1,563",43
2017,01/01/2017 to 31/12/2017,CCG,E38000010,06F,NHS Bedfordshire CCG,2.7,2.3,3.2,"4,893",134
2017,01/01/2017 to 31/12/2017,CCG,E38000221,15A,NHS Berkshire West CCG,2.5,2.1,2.9,"5,224",128
2017,01/01/2017 to 31/12/2017,CCG,E38000011,07N,NHS Bexley CCG,2.4,1.9,3.0,"2,819",68
2017,01/01/2017 to 31/12/2017,CCG,E38000220,15E,NHS Birmingham and Solihull CCG,3.6,3.3,3.9,"14,515",524
2017,01/01/2017 to 31/12/2017,CCG,E38000014,00Q,NHS Blackburn with Darwen CCG,4.7,3.8,5.8,"1,823",86
2017,01/01/2017 to 31/12/2017,CCG,E38000015,00R,NHS Blackpool CCG,5.3,4.3,6.6,"1,434",76
2017,01/01/2017 to 31/12/2017,CCG,E38000016,00T,NHS Bolton CCG,3.7,3.1,4.4,"3,314",123
2017,01/01/2017 to 31/12/2017,CCG,E38000018,02W,NHS Bradford City CCG,5.5,4.4,6.8,"1,459",80
2017,01/01/2017 to 31/12/2017,CCG,E38000019,02R,NHS Bradford Districts CCG,3.9,3.4,4.5,"4,462",174
2017,01/01/2017 to 31/12/2017,CCG,E38000020,07P,NHS Brent CCG,3.1,2.6,3.6,"4,788",147
2017,01/01/2017 to 31/12/2017,CCG,E38000021,09D,NHS Brighton and Hove CCG,2.4,1.9,3.1,"2,499",60
2017,01/01/2017 to 31/12/2017,CCG,E38000222,15C,"NHS Bristol, North Somerset and South Gloucestershire CCG",2.7,2.4,3.0,"10,054",268
2017,01/01/2017 to 31/12/2017,CCG,E38000023,07Q,NHS Bromley CCG,2.7,2.2,3.2,"3,941",105
2017,01/01/2017 to 31/12/2017,CCG,E38000223,14Y,NHS Buckinghamshire CCG,2.6,2.2,3.0,"5,466",140
2017,01/01/2017 to 31/12/2017,CCG,E38000024,00V,NHS Bury CCG,2.9,2.3,3.8,"1,985",58
2017,01/01/2017 to 31/12/2017,CCG,E38000025,02T,NHS Calderdale CCG,2.8,2.2,3.6,"2,204",62
2017,01/01/2017 to 31/12/2017,CCG,E38000026,06H,NHS Cambridgeshire and Peterborough CCG,2.6,2.3,2.9,"9,462",242
2017,01/01/2017 to 31/12/2017,CCG,E38000027,07R,NHS Camden CCG,3.1,2.5,3.9,"2,399",75
2017,01/01/2017 to 31/12/2017,CCG,E38000028,04Y,NHS Cannock Chase CCG,3.0,2.2,4.1,"1,352",41
2017,01/01/2017 to 31/12/2017,CCG,E38000029,09E,NHS Canterbury and Coastal CCG,2.1,1.5,2.9,"1,619",34
2017,01/01/2017 to 31/12/2017,CCG,E38000030,99F,NHS Castle Point and Rochford CCG,1.6,1.1,2.3,"1,579",25
2017,01/01/2017 to 31/12/2017,CCG,E38000031,09A,NHS Central London (Westminster) CCG,2.8,2.1,3.8,"1,525",43
2017,01/01/2017 to 31/12/2017,CCG,E38000034,00X,NHS Chorley and South Ribble CCG,2.4,1.8,3.3,"1,715",42
2017,01/01/2017 to 31/12/2017,CCG,E38000035,07T,NHS City and Hackney CCG,2.4,2.0,3.0,"4,087",100
2017,01/01/2017 to 31/12/2017,CCG,E38000213,09G,NHS Coastal West Sussex CCG,2.2,1.8,2.7,"4,276",94
2017,01/01/2017 to 31/12/2017,CCG,E38000037,03V,NHS Corby CCG,2.3,1.5,3.6,855,20
2017,01/01/2017 to 31/12/2017,CCG,E38000038,05A,NHS Coventry and Rugby CCG,3.0,2.6,3.5,"5,042",152
2017,01/01/2017 to 31/12/2017,CCG,E38000039,09H,NHS Crawley CCG,2.9,2.1,3.9,"1,385",40
2017,01/01/2017 to 31/12/2017,CCG,E38000040,07V,NHS Croydon CCG,3.3,2.9,3.8,"5,250",174
2017,01/01/2017 to 31/12/2017,CCG,E38000042,00C,NHS Darlington CCG,2.0,1.3,3.1,"1,032",21
2017,01/01/2017 to 31/12/2017,CCG,E38000043,09J,"NHS Dartford, Gravesham and Swanley CCG",2.5,2.0,3.2,"3,146",80
2017,01/01/2017 to 31/12/2017,CCG,E38000044,02X,NHS Doncaster CCG,3.1,2.5,3.7,"2,940",90
2017,01/01/2017 to 31/12/2017,CCG,E38000045,11J,NHS Dorset CCG,2.9,2.6,3.4,"6,495",191
2017,01/01/2017 to 31/12/2017,CCG,E38000046,05C,NHS Dudley CCG,3.7,3.1,4.4,"3,404",126
2017,01/01/2017 to 31/12/2017,CCG,E38000047,00D,"NHS Durham Dales, Easington and Sedgefield CCG",3.3,2.6,4.0,"2,504",82
2017,01/01/2017 to 31/12/2017,CCG,E38000048,07W,NHS Ealing CCG,3.1,2.6,3.6,"4,628",142
2017,01/01/2017 to 31/12/2017,CCG,E38000049,06K,NHS East and North Hertfordshire CCG,2.4,2.0,2.8,"5,765",138
2017,01/01/2017 to 31/12/2017,CCG,E38000224,15D,NHS East Berkshire CCG,2.8,2.4,3.3,"5,069",143
2017,01/01/2017 to 31/12/2017,CCG,E38000050,01A,NHS East Lancashire CCG,3.5,3.0,4.1,"4,151",144
2017,01/01/2017 to 31/12/2017,CCG,E38000051,03W,NHS East Leicestershire and Rutland CCG,3.0,2.4,3.6,"2,971",88
2017,01/01/2017 to 31/12/2017,CCG,E38000052,02Y,NHS East Riding of Yorkshire CCG,2.2,1.7,2.9,"2,495",55
2017,01/01/2017 to 31/12/2017,CCG,E38000053,05D,NHS East Staffordshire CCG,1.7,1.1,2.6,"1,292",22
2017,01/01/2017 to 31/12/2017,CCG,E38000054,09L,NHS East Surrey CCG,2.1,1.6,2.9,"1,934",41
2017,01/01/2017 to 31/12/2017,CCG,E38000055,09F,"NHS Eastbourne, Hailsham and Seaford CCG",2.4,1.8,3.3,"1,574",38
2017,01/01/2017 to 31/12/2017,CCG,E38000056,01C,NHS Eastern Cheshire CCG,2.2,1.6,3.0,"1,695",37
2017,01/01/2017 to 31/12/2017,CCG,E38000057,07X,NHS Enfield CCG,3.4,2.9,4.0,"4,350",148
2017,01/01/2017 to 31/12/2017,CCG,E38000058,03X,NHS Erewash CCG,2.4,1.6,3.6,962,23
2017,01/01/2017 to 31/12/2017,CCG,E38000059,10K,NHS Fareham and Gosport CCG,2.4,1.8,3.2,"1,795",43
2017,01/01/2017 to 31/12/2017,CCG,E38000226,02M,NHS Fylde and Wyre CCG,2.8,2.1,3.8,"1,422",40
2017,01/01/2017 to 31/12/2017,CCG,E38000062,11M,NHS Gloucestershire CCG,2.4,2.0,2.8,"5,978",141
2017,01/01/2017 to 31/12/2017,CCG,E38000063,06M,NHS Great Yarmouth and Waveney CCG,3.6,2.9,4.5,"1,968",71
2017,01/01/2017 to 31/12/2017,CCG,E38000064,03A,NHS Greater Huddersfield CCG,3.0,2.4,3.7,"2,432",72
2017,01/01/2017 to 31/12/2017,CCG,E38000227,01E,NHS Greater Preston CCG,3.3,2.6,4.1,"2,114",69
2017,01/01/2017 to 31/12/2017,CCG,E38000066,08A,NHS Greenwich CCG,3.2,2.7,3.8,"4,044",129
2017,01/01/2017 to 31/12/2017,CCG,E38000214,09N,NHS Guildford and Waverley CCG,1.8,1.3,2.5,"1,751",31
2017,01/01/2017 to 31/12/2017,CCG,E38000068,01F,NHS Halton CCG,3.2,2.4,4.3,"1,360",44
2017,01/01/2017 to 31/12/2017,CCG,E38000069,03D,"NHS Hambleton, Richmondshire and Whitby CCG",2.7,1.9,3.7,"1,243",33
2017,01/01/2017 to 31/12/2017,CCG,E38000070,08C,NHS Hammersmith and Fulham CCG,2.7,2.1,3.5,"2,161",58
2017,01/01/2017 to 31/12/2017,CCG,E38000071,03Y,NHS Hardwick CCG,3.0,2.1,4.3,"1,027",31
2017,01/01/2017 to 31/12/2017,CCG,E38000072,08D,NHS Haringey CCG,2.8,2.3,3.3,"3,563",98
2017,01/01/2017 to 31/12/2017,CCG,E38000073,03E,NHS Harrogate and Rural District CCG,1.1,0.7,1.9,"1,314",15
2017,01/01/2017 to 31/12/2017,CCG,E38000074,08E,NHS Harrow CCG,3.1,2.6,3.8,"3,347",104
2017,01/01/2017 to 31/12/2017,CCG,E38000075,00K,NHS Hartlepool and Stockton-on-Tees CCG,3.6,3.0,4.4,"2,859",104
2017,01/01/2017 to 31/12/2017,CCG,E38000076,09P,NHS Hastings and Rother CCG,3.3,2.5,4.3,"1,569",52
2017,01/01/2017 to 31/12/2017,CCG,E38000077,08F,NHS Havering CCG,2.7,2.2,3.3,"3,077",83
2017,01/01/2017 to 31/12/2017,CCG,E38000078,05F,NHS Herefordshire CCG,1.8,1.3,2.6,"1,614",29
2017,01/01/2017 to 31/12/2017,CCG,E38000079,06N,NHS Herts Valleys CCG,2.6,2.2,3.0,"6,633",172
2017,01/01/2017 to 31/12/2017,CCG,E38000080,01D,"NHS Heywood, Middleton and Rochdale CCG",4.4,3.7,5.2,"2,581",113
2017,01/01/2017 to 31/12/2017,CCG,E38000081,99K,NHS High Weald Lewes Havens CCG,2.3,1.6,3.3,"1,303",30
2017,01/01/2017 to 31/12/2017,CCG,E38000082,08G,NHS Hillingdon CCG,2.9,2.4,3.5,"3,861",111
2017,01/01/2017 to 31/12/2017,CCG,E38000083,09X,NHS Horsham and Mid Sussex CCG,1.5,1.1,2.1,"2,217",33
2017,01/01/2017 to 31/12/2017,CCG,E38000084,07Y,NHS Hounslow CCG,3.5,3.0,4.2,"3,722",132
2017,01/01/2017 to 31/12/2017,CCG,E38000085,03F,NHS Hull CCG,2.8,2.2,3.4,"3,125",86
2017,01/01/2017 to 31/12/2017,CCG,E38000086,06L,NHS Ipswich and East Suffolk CCG,2.2,1.7,2.7,"3,713",80
2017,01/01/2017 to 31/12/2017,CCG,E38000087,10L,NHS Isle of Wight CCG,1.9,1.2,2.9,"1,108",21
2017,01/01/2017 to 31/12/2017,CCG,E38000088,08H,NHS Islington CCG,3.0,2.4,3.7,"2,725",82
2017,01/01/2017 to 31/12/2017,CCG,E38000089,11N,NHS Kernow CCG,3.0,2.5,3.5,"4,799",142
2017,01/01/2017 to 31/12/2017,CCG,E38000090,08J,NHS Kingston CCG,2.1,1.6,2.8,"2,000",42
2017,01/01/2017 to 31/12/2017,CCG,E38000091,01J,NHS Knowsley CCG,2.6,1.9,3.4,"1,838",47
2017,01/01/2017 to 31/12/2017,CCG,E38000092,08K,NHS Lambeth CCG,2.5,2.0,3.0,"3,949",98
2017,01/01/2017 to 31/12/2017,CCG,E38000225,15F,NHS Leeds CCG,3.5,3.1,3.9,"9,175",321
2017,01/01/2017 to 31/12/2017,CCG,E38000097,04C,NHS Leicester City CCG,4.8,4.2,5.5,"4,426",212
2017,01/01/2017 to 31/12/2017,CCG,E38000098,08L,NHS Lewisham CCG,3.0,2.6,3.6,"4,353",132
2017,01/01/2017 to 31/12/2017,CCG,E38000099,03T,NHS Lincolnshire East CCG,2.4,1.9,3.2,"2,042",50
2017,01/01/2017 to 31/12/2017,CCG,E38000100,04D,NHS Lincolnshire West CCG,2.6,2.1,3.4,"2,312",61
2017,01/01/2017 to 31/12/2017,CCG,E38000101,99A,NHS Liverpool CCG,2.9,2.5,3.4,"5,362",156
2017,01/01/2017 to 31/12/2017,CCG,E38000102,06P,NHS Luton CCG,4.0,3.3,4.7,"3,031",120
2017,01/01/2017 to 31/12/2017,CCG,E38000217,14L,NHS Manchester CCG,3.4,3.0,3.9,"6,588",226
2017,01/01/2017 to 31/12/2017,CCG,E38000103,04E,NHS Mansfield and Ashfield CCG,2.1,1.6,2.8,"2,118",44
2017,01/01/2017 to 31/12/2017,CCG,E38000104,09W,NHS Medway CCG,2.7,2.2,3.4,"2,758",75
2017,01/01/2017 to 31/12/2017,CCG,E38000105,08R,NHS Merton CCG,2.9,2.3,3.6,"2,911",84
2017,01/01/2017 to 31/12/2017,CCG,E38000106,06Q,NHS Mid Essex CCG,2.3,1.9,2.8,"3,961",90
2017,01/01/2017 to 31/12/2017,CCG,E38000107,04F,NHS Milton Keynes CCG,3.1,2.6,3.7,"3,264",101
2017,01/01/2017 to 31/12/2017,CCG,E38000228,01K,NHS Morecambe Bay CCG,2.9,2.3,3.6,"2,710",79
2017,01/01/2017 to 31/12/2017,CCG,E38000108,04G,NHS Nene CCG,2.5,2.2,2.9,"7,121",178
2017,01/01/2017 to 31/12/2017,CCG,E38000109,04H,NHS Newark and Sherwood CCG,1.9,1.2,2.9,"1,061",20
2017,01/01/2017 to 31/12/2017,CCG,E38000212,13T,NHS Newcastle Gateshead CCG,3.7,3.2,4.3,"4,833",180
2017,01/01/2017 to 31/12/2017,CCG,E38000113,08M,NHS Newham CCG,3.6,3.1,4.1,"5,304",189
2017,01/01/2017 to 31/12/2017,CCG,E38000215,01H,NHS North Cumbria CCG,2.5,2.0,3.2,"2,715",69
2017,01/01/2017 to 31/12/2017,CCG,E38000115,04J,NHS North Derbyshire CCG,1.9,1.4,2.6,"2,156",41
2017,01/01/2017 to 31/12/2017,CCG,E38000116,00J,NHS North Durham CCG,2.9,2.3,3.7,"2,087",61
2017,01/01/2017 to 31/12/2017,CCG,E38000117,06T,NHS North East Essex CCG,2.7,2.2,3.3,"3,316",89
2017,01/01/2017 to 31/12/2017,CCG,E38000118,99M,NHS North East Hampshire and Farnham CCG,2.8,2.2,3.6,"2,152",61
2017,01/01/2017 to 31/12/2017,CCG,E38000119,03H,NHS North East Lincolnshire CCG,1.9,1.4,2.7,"1,599",31
2017,01/01/2017 to 31/12/2017,CCG,E38000120,10J,NHS North Hampshire CCG,1.3,0.9,1.8,"2,300",29
2017,01/01/2017 to 31/12/2017,CCG,E38000121,03J,NHS North Kirklees CCG,3.6,2.9,4.5,"2,296",83
2017,01/01/2017 to 31/12/2017,CCG,E38000122,03K,NHS North Lincolnshire CCG,2.8,2.0,3.7,"1,449",40
2017,01/01/2017 to 31/12/2017,CCG,E38000124,06V,NHS North Norfolk CCG,2.4,1.7,3.4,"1,252",30
2017,01/01/2017 to 31/12/2017,CCG,E38000126,05G,NHS North Staffordshire CCG,3.0,2.3,3.9,"1,763",53
2017,01/01/2017 to 31/12/2017,CCG,E38000127,99C,NHS North Tyneside CCG,2.0,1.5,2.7,"2,027",41
2017,01/01/2017 to 31/12/2017,CCG,E38000128,09Y,NHS North West Surrey CCG,2.4,2.0,2.9,"3,901",94
2017,01/01/2017 to 31/12/2017,CCG,E38000129,99P,"NHS Northern, Eastern and Western Devon CCG",2.9,2.5,3.3,"7,942",230
2017,01/01/2017 to 31/12/2017,CCG,E38000130,00L,NHS Northumberland CCG,2.8,2.3,3.6,"2,494",71
2017,01/01/2017 to 31/12/2017,CCG,E38000218,06W,NHS Norwich CCG,2.1,1.5,2.8,"2,073",43
2017,01/01/2017 to 31/12/2017,CCG,E38000132,04K,NHS Nottingham City CCG,3.0,2.5,3.6,"3,775",114
2017,01/01/2017 to 31/12/2017,CCG,E38000133,04L,NHS Nottingham North and East CCG,2.9,2.1,3.8,"1,505",43
2017,01/01/2017 to 31/12/2017,CCG,E38000134,04M,NHS Nottingham West CCG,2.1,1.4,3.2,989,21
2017,01/01/2017 to 31/12/2017,CCG,E38000135,00Y,NHS Oldham CCG,3.9,3.2,4.6,"2,876",111
2017,01/01/2017 to 31/12/2017,CCG,E38000136,10Q,NHS Oxfordshire CCG,2.0,1.7,2.3,"6,560",130
2017,01/01/2017 to 31/12/2017,CCG,E38000137,10R,NHS Portsmouth CCG,3.0,2.3,3.8,"2,223",66
2017,01/01/2017 to 31/12/2017,CCG,E38000138,08N,NHS Redbridge CCG,3.9,3.3,4.5,"4,252",165
2017,01/01/2017 to 31/12/2017,CCG,E38000139,05J,NHS Redditch and Bromsgrove CCG,2.4,1.8,3.3,"1,725",42
2017,01/01/2017 to 31/12/2017,CCG,E38000140,08P,NHS Richmond CCG,1.8,1.3,2.4,"2,202",39
2017,01/01/2017 to 31/12/2017,CCG,E38000141,03L,NHS Rotherham CCG,2.4,1.9,3.0,"2,799",66
2017,01/01/2017 to 31/12/2017,CCG,E38000142,04N,NHS Rushcliffe CCG,2.7,1.9,3.9,992,27
2017,01/01/2017 to 31/12/2017,CCG,E38000143,01G,NHS Salford CCG,3.1,2.5,3.8,"3,172",98
2017,01/01/2017 to 31/12/2017,CCG,E38000144,05L,NHS Sandwell and West Birmingham CCG,3.8,3.4,4.3,"6,917",263
2017,01/01/2017 to 31/12/2017,CCG,E38000145,03M,NHS Scarborough and Ryedale CCG,3.1,2.2,4.4,990,31
2017,01/01/2017 to 31/12/2017,CCG,E38000146,03N,NHS Sheffield CCG,3.1,2.7,3.6,"6,007",187
2017,01/01/2017 to 31/12/2017,CCG,E38000147,05N,NHS Shropshire CCG,2.4,1.9,3.0,"2,569",61
2017,01/01/2017 to 31/12/2017,CCG,E38000150,11X,NHS Somerset CCG,2.2,1.8,2.6,"4,917",108
2017,01/01/2017 to 31/12/2017,CCG,E38000151,01R,NHS South Cheshire CCG,2.5,1.9,3.4,"1,818",46
2017,01/01/2017 to 31/12/2017,CCG,E38000152,99Q,NHS South Devon and Torbay CCG,2.0,1.5,2.7,"2,348",48
2017,01/01/2017 to 31/12/2017,CCG,E38000153,05Q,NHS South East Staffordshire and Seisdon Peninsula CCG,1.3,0.9,1.9,"1,997",26
2017,01/01/2017 to 31/12/2017,CCG,E38000154,10V,NHS South Eastern Hampshire CCG,2.5,1.9,3.3,"1,927",49
2017,01/01/2017 to 31/12/2017,CCG,E38000156,10A,NHS South Kent Coast CCG,2.9,2.3,3.8,"1,839",54
2017,01/01/2017 to 31/12/2017,CCG,E38000157,99D,NHS South Lincolnshire CCG,2.2,1.6,3.1,"1,394",31
2017,01/01/2017 to 31/12/2017,CCG,E38000219,06Y,NHS South Norfolk CCG,2.7,2.1,3.5,"2,064",55
2017,01/01/2017 to 31/12/2017,CCG,E38000161,01T,NHS South Sefton CCG,3.0,2.3,4.0,"1,561",47
2017,01/01/2017 to 31/12/2017,CCG,E38000162,00M,NHS South Tees CCG,2.8,2.3,3.5,"3,063",87
2017,01/01/2017 to 31/12/2017,CCG,E38000163,00N,NHS South Tyneside CCG,2.4,1.7,3.3,"1,444",34
2017,01/01/2017 to 31/12/2017,CCG,E38000164,05R,NHS South Warwickshire CCG,1.8,1.3,2.4,"2,390",43
2017,01/01/2017 to 31/12/2017,CCG,E38000165,04Q,NHS South West Lincolnshire CCG,2.1,1.4,3.1,"1,053",22
2017,01/01/2017 to 31/12/2017,CCG,E38000166,05T,NHS South Worcestershire CCG,2.3,1.8,2.9,"2,684",61
2017,01/01/2017 to 31/12/2017,CCG,E38000167,10X,NHS Southampton CCG,2.8,2.3,3.5,"2,941",83
2017,01/01/2017 to 31/12/2017,CCG,E38000168,99G,NHS Southend CCG,2.4,1.8,3.2,"2,020",49
2017,01/01/2017 to 31/12/2017,CCG,E38000169,04R,NHS Southern Derbyshire CCG,3.0,2.6,3.5,"5,198",155
2017,01/01/2017 to 31/12/2017,CCG,E38000170,01V,NHS Southport and Formby CCG,2.7,1.8,3.9,934,25
2017,01/01/2017 to 31/12/2017,CCG,E38000171,08Q,NHS Southwark CCG,3.1,2.6,3.7,"4,008",124
2017,01/01/2017 to 31/12/2017,CCG,E38000172,01X,NHS St Helens CCG,2.4,1.8,3.1,"1,867",44
2017,01/01/2017 to 31/12/2017,CCG,E38000173,05V,NHS Stafford and Surrounds CCG,1.9,1.2,2.8,"1,243",23
2017,01/01/2017 to 31/12/2017,CCG,E38000174,01W,NHS Stockport CCG,2.3,1.8,2.9,"2,935",67
2017,01/01/2017 to 31/12/2017,CCG,E38000175,05W,NHS Stoke on Trent CCG,3.7,3.0,4.4,"3,009",110
2017,01/01/2017 to 31/12/2017,CCG,E38000176,00P,NHS Sunderland CCG,3.2,2.6,4.0,"2,690",87
2017,01/01/2017 to 31/12/2017,CCG,E38000177,99H,NHS Surrey Downs CCG,1.3,1.0,1.8,"2,812",37
2017,01/01/2017 to 31/12/2017,CCG,E38000178,10C,NHS Surrey Heath CCG,2.3,1.5,3.5,914,21
2017,01/01/2017 to 31/12/2017,CCG,E38000179,08T,NHS Sutton CCG,2.2,1.7,2.9,"2,420",54
2017,01/01/2017 to 31/12/2017,CCG,E38000180,10D,NHS Swale CCG,2.9,2.0,4.0,"1,152",33
2017,01/01/2017 to 31/12/2017,CCG,E38000181,12D,NHS Swindon CCG,2.9,2.3,3.6,"2,587",75
2017,01/01/2017 to 31/12/2017,CCG,E38000182,01Y,NHS Tameside and Glossop CCG,3.2,2.6,3.9,"2,814",90
2017,01/01/2017 to 31/12/2017,CCG,E38000183,05X,NHS Telford and Wrekin CCG,3.1,2.4,4.0,"1,935",60
2017,01/01/2017 to 31/12/2017,CCG,E38000184,10E,NHS Thanet CCG,3.4,2.6,4.4,"1,422",48
2017,01/01/2017 to 31/12/2017,CCG,E38000185,07G,NHS Thurrock CCG,2.1,1.6,2.8,"2,265",48
2017,01/01/2017 to 31/12/2017,CCG,E38000186,08V,NHS Tower Hamlets CCG,4.3,3.7,5.0,"4,163",179
2017,01/01/2017 to 31/12/2017,CCG,E38000187,02A,NHS Trafford CCG,2.5,2.0,3.2,"2,408",61
2017,01/01/2017 to 31/12/2017,CCG,E38000188,03Q,NHS Vale of York CCG,2.1,1.6,2.7,"2,977",62
2017,01/01/2017 to 31/12/2017,CCG,E38000189,02D,NHS Vale Royal CCG,2.9,2.1,4.1,"1,057",31
2017,01/01/2017 to 31/12/2017,CCG,E38000190,03R,NHS Wakefield CCG,3.2,2.7,3.8,"3,620",116
2017,01/01/2017 to 31/12/2017,CCG,E38000191,05Y,NHS Walsall CCG,4.2,3.6,4.9,"3,418",143
2017,01/01/2017 to 31/12/2017,CCG,E38000192,08W,NHS Waltham Forest CCG,3.4,2.9,4.0,"4,251",145
2017,01/01/2017 to 31/12/2017,CCG,E38000193,08X,NHS Wandsworth CCG,2.1,1.7,2.5,"4,281",88
2017,01/01/2017 to 31/12/2017,CCG,E38000194,02E,NHS Warrington CCG,1.6,1.1,2.2,"1,975",31
2017,01/01/2017 to 31/12/2017,CCG,E38000195,05H,NHS Warwickshire North CCG,2.5,1.9,3.3,"1,994",50
2017,01/01/2017 to 31/12/2017,CCG,E38000196,02F,NHS West Cheshire CCG,2.2,1.6,2.9,"2,217",48
2017,01/01/2017 to 31/12/2017,CCG,E38000197,07H,NHS West Essex CCG,2.1,1.7,2.7,"3,270",70
2017,01/01/2017 to 31/12/2017,CCG,E38000198,11A,NHS West Hampshire CCG,2.0,1.6,2.4,"4,944",97
2017,01/01/2017 to 31/12/2017,CCG,E38000199,99J,NHS West Kent CCG,2.1,1.7,2.5,"4,944",104
2017,01/01/2017 to 31/12/2017,CCG,E38000200,02G,NHS West Lancashire CCG,2.4,1.6,3.6,943,23
2017,01/01/2017 to 31/12/2017,CCG,E38000201,04V,NHS West Leicestershire CCG,2.3,1.9,2.9,"3,664",85
2017,01/01/2017 to 31/12/2017,CCG,E38000202,08Y,NHS West London CCG,2.8,2.2,3.5,"2,253",62
2017,01/01/2017 to 31/12/2017,CCG,E38000203,07J,NHS West Norfolk CCG,1.8,1.2,2.5,"1,581",28
2017,01/01/2017 to 31/12/2017,CCG,E38000204,07K,NHS West Suffolk CCG,2.5,1.9,3.2,"2,258",56
2017,01/01/2017 to 31/12/2017,CCG,E38000205,02H,NHS Wigan Borough CCG,2.3,1.8,2.9,"3,253",75
2017,01/01/2017 to 31/12/2017,CCG,E38000206,99N,NHS Wiltshire CCG,2.1,1.7,2.6,"4,426",93
2017,01/01/2017 to 31/12/2017,CCG,E38000208,12F,NHS Wirral CCG,2.5,2.0,3.1,"3,106",77
2017,01/01/2017 to 31/12/2017,CCG,E38000210,06A,NHS Wolverhampton CCG,3.2,2.7,3.9,"3,241",105
2017,01/01/2017 to 31/12/2017,CCG,E38000211,06D,NHS Wyre Forest CCG,2.4,1.6,3.6,886,21
2016,01/01/2016 to 31/12/2016,CCG,E38000001,02N,"NHS Airedale, Wharfedale and Craven CCG",2.2,1.6,3.1,"1,575",35
2016,01/01/2016 to 31/12/2016,CCG,E38000002,09C,NHS Ashford CCG,1.8,1.2,2.6,"1,403",25
2016,01/01/2016 to 31/12/2016,CCG,E38000003,10Y,NHS Aylesbury Vale CCG,2.8,2.2,3.6,"2,249",63
2016,01/01/2016 to 31/12/2016,CCG,E38000004,07L,NHS Barking and Dagenham CCG,3.5,3.0,4.2,"3,530",124
2016,01/01/2016 to 31/12/2016,CCG,E38000005,07M,NHS Barnet CCG,3.0,2.6,3.6,"4,921",150
2016,01/01/2016 to 31/12/2016,CCG,E38000006,02P,NHS Barnsley CCG,3.1,2.5,3.8,"2,606",80
2016,01/01/2016 to 31/12/2016,CCG,E38000007,99E,NHS Basildon and Brentwood CCG,2.4,1.9,3.0,"3,091",74
2016,01/01/2016 to 31/12/2016,CCG,E38000008,02Q,NHS Bassetlaw CCG,2.4,1.7,3.4,"1,166",28
2016,01/01/2016 to 31/12/2016,CCG,E38000009,11E,NHS Bath and North East Somerset CCG,2.5,1.9,3.4,"1,650",42
2016,01/01/2016 to 31/12/2016,CCG,E38000010,06F,NHS Bedfordshire CCG,2.5,2.1,2.9,"4,976",122
2016,01/01/2016 to 31/12/2016,CCG,E38000011,07N,NHS Bexley CCG,2.6,2.0,3.2,"2,814",72
2016,01/01/2016 to 31/12/2016,CCG,E38000012,13P,NHS Birmingham CrossCity CCG,3.8,3.5,4.2,"10,372",396
2016,01/01/2016 to 31/12/2016,CCG,E38000013,04X,NHS Birmingham South and Central CCG,4.2,3.5,5.1,"2,648",112
2016,01/01/2016 to 31/12/2016,CCG,E38000014,00Q,NHS Blackburn with Darwen CCG,5.1,4.2,6.2,"1,911",98
2016,01/01/2016 to 31/12/2016,CCG,E38000015,00R,NHS Blackpool CCG,3.5,2.6,4.5,"1,505",52
2016,01/01/2016 to 31/12/2016,CCG,E38000016,00T,NHS Bolton CCG,2.9,2.4,3.6,"3,441",101
2016,01/01/2016 to 31/12/2016,CCG,E38000017,10G,NHS Bracknell and Ascot CCG,1.9,1.3,2.7,"1,396",26
2016,01/01/2016 to 31/12/2016,CCG,E38000018,02W,NHS Bradford City CCG,4.0,3.2,5.2,"1,511",61
2016,01/01/2016 to 31/12/2016,CCG,E38000019,02R,NHS Bradford Districts CCG,3.7,3.2,4.3,"4,578",169
2016,01/01/2016 to 31/12/2016,CCG,E38000020,07P,NHS Brent CCG,3.1,2.6,3.6,"4,697",144
2016,01/01/2016 to 31/12/2016,CCG,E38000021,09D,NHS Brighton and Hove CCG,2.5,2.0,3.2,"2,632",67
2016,01/01/2016 to 31/12/2016,CCG,E38000022,11H,NHS Bristol CCG,2.9,2.5,3.4,"5,746",166
2016,01/01/2016 to 31/12/2016,CCG,E38000023,07Q,NHS Bromley CCG,2.2,1.8,2.7,"4,026",89
2016,01/01/2016 to 31/12/2016,CCG,E38000024,00V,NHS Bury CCG,2.4,1.9,3.2,"2,087",51
2016,01/01/2016 to 31/12/2016,CCG,E38000025,02T,NHS Calderdale CCG,3.5,2.8,4.4,"2,240",79
2016,01/01/2016 to 31/12/2016,CCG,E38000026,06H,NHS Cambridgeshire and Peterborough CCG,2.7,2.4,3.0,"9,789",264
2016,01/01/2016 to 31/12/2016,CCG,E38000027,07R,NHS Camden CCG,3.1,2.5,3.9,"2,506",78
2016,01/01/2016 to 31/12/2016,CCG,E38000028,04Y,NHS Cannock Chase CCG,2.0,1.4,2.9,"1,344",27
2016,01/01/2016 to 31/12/2016,CCG,E38000029,09E,NHS Canterbury and Coastal CCG,1.8,1.3,2.6,"1,578",29
2016,01/01/2016 to 31/12/2016,CCG,E38000030,99F,NHS Castle Point and Rochford CCG,1.5,1.0,2.3,"1,492",23
2016,01/01/2016 to 31/12/2016,CCG,E38000031,09A,NHS Central London (Westminster) CCG,2.8,2.1,3.7,"1,672",46
2016,01/01/2016 to 31/12/2016,CCG,E38000033,10H,NHS Chiltern CCG,2.8,2.3,3.4,"3,338",93
2016,01/01/2016 to 31/12/2016,CCG,E38000034,00X,NHS Chorley and South Ribble CCG,2.2,1.6,3.0,"1,815",40
2016,01/01/2016 to 31/12/2016,CCG,E38000035,07T,NHS City and Hackney CCG,3.2,2.7,3.8,"4,152",133
2016,01/01/2016 to 31/12/2016,CCG,E38000213,09G,NHS Coastal West Sussex CCG,2.5,2.0,3.0,"4,314",106
2016,01/01/2016 to 31/12/2016,CCG,E38000037,03V,NHS Corby CCG,2.7,1.9,4.0,918,25
2016,01/01/2016 to 31/12/2016,CCG,E38000038,05A,NHS Coventry and Rugby CCG,2.8,2.4,3.3,"5,236",149
2016,01/01/2016 to 31/12/2016,CCG,E38000039,09H,NHS Crawley CCG,3.0,2.3,4.0,"1,423",43
2016,01/01/2016 to 31/12/2016,CCG,E38000040,07V,NHS Croydon CCG,3.0,2.5,3.5,"5,333",158
2016,01/01/2016 to 31/12/2016,CCG,E38000042,00C,NHS Darlington CCG,3.4,2.5,4.7,"1,020",35
2016,01/01/2016 to 31/12/2016,CCG,E38000043,09J,"NHS Dartford, Gravesham and Swanley CCG",2.6,2.1,3.2,"3,088",80
2016,01/01/2016 to 31/12/2016,CCG,E38000044,02X,NHS Doncaster CCG,2.8,2.3,3.5,"3,058",87
2016,01/01/2016 to 31/12/2016,CCG,E38000045,11J,NHS Dorset CCG,3.0,2.6,3.4,"6,494",194
2016,01/01/2016 to 31/12/2016,CCG,E38000046,05C,NHS Dudley CCG,3.6,3.0,4.2,"3,518",126
2016,01/01/2016 to 31/12/2016,CCG,E38000047,00D,"NHS Durham Dales, Easington and Sedgefield CCG",3.4,2.8,4.2,"2,587",88
2016,01/01/2016 to 31/12/2016,CCG,E38000048,07W,NHS Ealing CCG,2.7,2.3,3.2,"4,731",129
2016,01/01/2016 to 31/12/2016,CCG,E38000049,06K,NHS East and North Hertfordshire CCG,2.3,1.9,2.7,"5,839",133
2016,01/01/2016 to 31/12/2016,CCG,E38000050,01A,NHS East Lancashire CCG,3.4,2.9,4.0,"4,140",139
2016,01/01/2016 to 31/12/2016,CCG,E38000051,03W,NHS East Leicestershire and Rutland CCG,2.6,2.1,3.2,"2,996",78
2016,01/01/2016 to 31/12/2016,CCG,E38000052,02Y,NHS East Riding of Yorkshire CCG,1.8,1.4,2.5,"2,490",46
2016,01/01/2016 to 31/12/2016,CCG,E38000053,05D,NHS East Staffordshire CCG,2.6,1.9,3.5,"1,437",37
2016,01/01/2016 to 31/12/2016,CCG,E38000054,09L,NHS East Surrey CCG,2.3,1.7,3.0,"2,073",47
2016,01/01/2016 to 31/12/2016,CCG,E38000055,09F,"NHS Eastbourne, Hailsham and Seaford CCG",1.8,1.3,2.6,"1,681",31
2016,01/01/2016 to 31/12/2016,CCG,E38000056,01C,NHS Eastern Cheshire CCG,2.4,1.8,3.2,"1,811",44
2016,01/01/2016 to 31/12/2016,CCG,E38000057,07X,NHS Enfield CCG,3.3,2.8,3.8,"4,561",150
2016,01/01/2016 to 31/12/2016,CCG,E38000058,03X,NHS Erewash CCG,2.3,1.6,3.5,985,23
2016,01/01/2016 to 31/12/2016,CCG,E38000059,10K,NHS Fareham and Gosport CCG,2.1,1.5,2.9,"1,820",38
2016,01/01/2016 to 31/12/2016,CCG,E38000060,02M,NHS Fylde and Wyre CCG,2.7,1.9,3.7,"1,259",34
2016,01/01/2016 to 31/12/2016,CCG,E38000062,11M,NHS Gloucestershire CCG,2.2,1.8,2.6,"6,186",135
2016,01/01/2016 to 31/12/2016,CCG,E38000063,06M,NHS Great Yarmouth and Waveney CCG,3.2,2.5,4.1,"2,043",66
2016,01/01/2016 to 31/12/2016,CCG,E38000064,03A,NHS Greater Huddersfield CCG,3.4,2.8,4.2,"2,584",88
2016,01/01/2016 to 31/12/2016,CCG,E38000065,01E,NHS Greater Preston CCG,3.0,2.4,3.7,"2,323",69
2016,01/01/2016 to 31/12/2016,CCG,E38000066,08A,NHS Greenwich CCG,2.8,2.4,3.4,"4,229",120
2016,01/01/2016 to 31/12/2016,CCG,E38000214,09N,NHS Guildford and Waverley CCG,1.4,0.9,2.0,"1,920",26
2016,01/01/2016 to 31/12/2016,CCG,E38000068,01F,NHS Halton CCG,2.4,1.7,3.3,"1,384",33
2016,01/01/2016 to 31/12/2016,CCG,E38000069,03D,"NHS Hambleton, Richmondshire and Whitby CCG",1.9,1.3,2.8,"1,283",24
2016,01/01/2016 to 31/12/2016,CCG,E38000070,08C,NHS Hammersmith and Fulham CCG,2.9,2.3,3.7,"2,308",67
2016,01/01/2016 to 31/12/2016,CCG,E38000071,03Y,NHS Hardwick CCG,2.2,1.5,3.3,"1,046",23
2016,01/01/2016 to 31/12/2016,CCG,E38000072,08D,NHS Haringey CCG,3.2,2.7,3.8,"3,807",122
2016,01/01/2016 to 31/12/2016,CCG,E38000073,03E,NHS Harrogate and Rural District CCG,1.6,1.1,2.4,"1,356",22
2016,01/01/2016 to 31/12/2016,CCG,E38000074,08E,NHS Harrow CCG,3.4,2.8,4.1,"3,298",112
2016,01/01/2016 to 31/12/2016,CCG,E38000075,00K,NHS Hartlepool and Stockton-on-Tees CCG,2.9,2.3,3.5,"3,035",87
2016,01/01/2016 to 31/12/2016,CCG,E38000076,09P,NHS Hastings and Rother CCG,2.5,1.8,3.4,"1,686",42
2016,01/01/2016 to 31/12/2016,CCG,E38000077,08F,NHS Havering CCG,2.3,1.8,2.9,"3,047",69
2016,01/01/2016 to 31/12/2016,CCG,E38000078,05F,NHS Herefordshire CCG,1.5,1.0,2.2,"1,615",24
2016,01/01/2016 to 31/12/2016,CCG,E38000079,06N,NHS Herts Valleys CCG,2.6,2.2,3.0,"6,849",178
2016,01/01/2016 to 31/12/2016,CCG,E38000080,01D,"NHS Heywood, Middleton and Rochdale CCG",3.3,2.7,4.1,"2,722",91
2016,01/01/2016 to 31/12/2016,CCG,E38000081,99K,NHS High Weald Lewes Havens CCG,2.3,1.6,3.2,"1,419",32
2016,01/01/2016 to 31/12/2016,CCG,E38000082,08G,NHS Hillingdon CCG,3.4,2.8,4.0,"3,981",134
2016,01/01/2016 to 31/12/2016,CCG,E38000083,09X,NHS Horsham and Mid Sussex CCG,1.9,1.4,2.5,"2,319",43
2016,01/01/2016 to 31/12/2016,CCG,E38000084,07Y,NHS Hounslow CCG,3.0,2.5,3.6,"3,911",119
2016,01/01/2016 to 31/12/2016,CCG,E38000085,03F,NHS Hull CCG,2.9,2.4,3.5,"3,233",93
2016,01/01/2016 to 31/12/2016,CCG,E38000086,06L,NHS Ipswich and East Suffolk CCG,2.3,1.8,2.8,"3,807",86
2016,01/01/2016 to 31/12/2016,CCG,E38000087,10L,NHS Isle of Wight CCG,2.1,1.4,3.2,"1,033",22
2016,01/01/2016 to 31/12/2016,CCG,E38000088,08H,NHS Islington CCG,2.4,1.9,3.1,"2,720",66
2016,01/01/2016 to 31/12/2016,CCG,E38000089,11N,NHS Kernow CCG,2.7,2.2,3.1,"4,967",132
2016,01/01/2016 to 31/12/2016,CCG,E38000090,08J,NHS Kingston CCG,2.5,1.9,3.2,"2,023",50
2016,01/01/2016 to 31/12/2016,CCG,E38000091,01J,NHS Knowsley CCG,2.7,2.1,3.6,"1,749",48
2016,01/01/2016 to 31/12/2016,CCG,E38000092,08K,NHS Lambeth CCG,2.8,2.3,3.4,"3,836",108
2016,01/01/2016 to 31/12/2016,CCG,E38000094,02V,NHS Leeds North CCG,2.8,2.2,3.6,"2,373",67
2016,01/01/2016 to 31/12/2016,CCG,E38000095,03G,NHS Leeds South and East CCG,3.5,2.9,4.1,"3,424",119
2016,01/01/2016 to 31/12/2016,CCG,E38000096,03C,NHS Leeds West CCG,2.9,2.4,3.5,"3,678",106
2016,01/01/2016 to 31/12/2016,CCG,E38000097,04C,NHS Leicester City CCG,5.2,4.6,5.9,"4,618",241
2016,01/01/2016 to 31/12/2016,CCG,E38000098,08L,NHS Lewisham CCG,2.7,2.2,3.2,"4,244",114
2016,01/01/2016 to 31/12/2016,CCG,E38000099,03T,NHS Lincolnshire East CCG,2.5,1.9,3.2,"2,019",50
2016,01/01/2016 to 31/12/2016,CCG,E38000100,04D,NHS Lincolnshire West CCG,2.3,1.8,3.0,"2,417",55
2016,01/01/2016 to 31/12/2016,CCG,E38000101,99A,NHS Liverpool CCG,3.4,2.9,3.9,"5,476",184
2016,01/01/2016 to 31/12/2016,CCG,E38000102,06P,NHS Luton CCG,4.0,3.4,4.8,"3,164",127
2016,01/01/2016 to 31/12/2016,CCG,E38000217,14L,NHS Manchester CCG,3.3,2.9,3.8,"7,071",236
2016,01/01/2016 to 31/12/2016,CCG,E38000103,04E,NHS Mansfield and Ashfield CCG,2.1,1.6,2.8,"2,118",45
2016,01/01/2016 to 31/12/2016,CCG,E38000104,09W,NHS Medway CCG,2.2,1.7,2.8,"2,808",61
2016,01/01/2016 to 31/12/2016,CCG,E38000105,08R,NHS Merton CCG,2.6,2.1,3.2,"2,989",78
2016,01/01/2016 to 31/12/2016,CCG,E38000106,06Q,NHS Mid Essex CCG,1.9,1.5,2.3,"4,021",75
2016,01/01/2016 to 31/12/2016,CCG,E38000107,04F,NHS Milton Keynes CCG,2.8,2.3,3.4,"3,416",94
2016,01/01/2016 to 31/12/2016,CCG,E38000216,01K,NHS Morecambe Bay CCG,2.7,2.2,3.4,"3,022",83
2016,01/01/2016 to 31/12/2016,CCG,E38000108,04G,NHS Nene CCG,2.4,2.1,2.8,"7,321",174
2016,01/01/2016 to 31/12/2016,CCG,E38000109,04H,NHS Newark and Sherwood CCG,1.7,1.1,2.7,"1,103",19
2016,01/01/2016 to 31/12/2016,CCG,E38000110,10M,NHS Newbury and District CCG,1.6,1.0,2.5,"1,128",18
2016,01/01/2016 to 31/12/2016,CCG,E38000212,13T,NHS Newcastle Gateshead CCG,2.8,2.4,3.3,"5,075",144
2016,01/01/2016 to 31/12/2016,CCG,E38000113,08M,NHS Newham CCG,4.1,3.6,4.6,"5,459",222
2016,01/01/2016 to 31/12/2016,CCG,E38000114,10N,NHS North and West Reading CCG,2.3,1.6,3.5,"1,024",24
2016,01/01/2016 to 31/12/2016,CCG,E38000215,01H,NHS North Cumbria CCG,2.5,2.0,3.2,"2,823",71
2016,01/01/2016 to 31/12/2016,CCG,E38000115,04J,NHS North Derbyshire CCG,1.9,1.4,2.5,"2,226",42
2016,01/01/2016 to 31/12/2016,CCG,E38000116,00J,NHS North Durham CCG,2.6,2.0,3.3,"2,241",58
2016,01/01/2016 to 31/12/2016,CCG,E38000117,06T,NHS North East Essex CCG,2.3,1.9,2.9,"3,224",75
2016,01/01/2016 to 31/12/2016,CCG,E38000118,99M,NHS North East Hampshire and Farnham CCG,1.8,1.3,2.4,"2,371",42
2016,01/01/2016 to 31/12/2016,CCG,E38000119,03H,NHS North East Lincolnshire CCG,3.0,2.3,3.9,"1,636",49
2016,01/01/2016 to 31/12/2016,CCG,E38000120,10J,NHS North Hampshire CCG,2.2,1.7,2.9,"2,450",55
2016,01/01/2016 to 31/12/2016,CCG,E38000121,03J,NHS North Kirklees CCG,3.8,3.1,4.6,"2,331",88
2016,01/01/2016 to 31/12/2016,CCG,E38000122,03K,NHS North Lincolnshire CCG,2.3,1.7,3.2,"1,520",35
2016,01/01/2016 to 31/12/2016,CCG,E38000124,06V,NHS North Norfolk CCG,3.5,2.6,4.7,"1,257",44
2016,01/01/2016 to 31/12/2016,CCG,E38000125,11T,NHS North Somerset CCG,2.3,1.7,3.1,"1,965",45
2016,01/01/2016 to 31/12/2016,CCG,E38000126,05G,NHS North Staffordshire CCG,3.3,2.6,4.2,"1,818",60
2016,01/01/2016 to 31/12/2016,CCG,E38000127,99C,NHS North Tyneside CCG,2.8,2.2,3.6,"2,049",57
2016,01/01/2016 to 31/12/2016,CCG,E38000128,09Y,NHS North West Surrey CCG,2.4,2.0,2.9,"4,161",99
2016,01/01/2016 to 31/12/2016,CCG,E38000129,99P,"NHS Northern, Eastern and Western Devon CCG",2.6,2.3,2.9,"7,989",206
2016,01/01/2016 to 31/12/2016,CCG,E38000130,00L,NHS Northumberland CCG,2.2,1.7,2.9,"2,561",57
2016,01/01/2016 to 31/12/2016,CCG,E38000218,06W,NHS Norwich CCG,3.4,2.7,4.2,"2,295",77
2016,01/01/2016 to 31/12/2016,CCG,E38000132,04K,NHS Nottingham City CCG,4.0,3.4,4.6,"3,935",157
2016,01/01/2016 to 31/12/2016,CCG,E38000133,04L,NHS Nottingham North and East CCG,2.5,1.8,3.4,"1,550",39
2016,01/01/2016 to 31/12/2016,CCG,E38000134,04M,NHS Nottingham West CCG,1.9,1.3,2.9,"1,087",21
2016,01/01/2016 to 31/12/2016,CCG,E38000135,00Y,NHS Oldham CCG,3.7,3.1,4.5,"2,890",107
2016,01/01/2016 to 31/12/2016,CCG,E38000136,10Q,NHS Oxfordshire CCG,2.2,1.9,2.5,"6,974",152
2016,01/01/2016 to 31/12/2016,CCG,E38000137,10R,NHS Portsmouth CCG,2.4,1.8,3.0,"2,378",56
2016,01/01/2016 to 31/12/2016,CCG,E38000138,08N,NHS Redbridge CCG,3.8,3.3,4.5,"4,315",166
2016,01/01/2016 to 31/12/2016,CCG,E38000139,05J,NHS Redditch and Bromsgrove CCG,2.5,1.9,3.3,"1,796",45
2016,01/01/2016 to 31/12/2016,CCG,E38000140,08P,NHS Richmond CCG,1.8,1.3,2.4,"2,304",41
2016,01/01/2016 to 31/12/2016,CCG,E38000141,03L,NHS Rotherham CCG,2.7,2.2,3.4,"2,848",78
2016,01/01/2016 to 31/12/2016,CCG,E38000142,04N,NHS Rushcliffe CCG,2.2,1.4,3.3,954,21
2016,01/01/2016 to 31/12/2016,CCG,E38000143,01G,NHS Salford CCG,2.8,2.3,3.4,"3,320",93
2016,01/01/2016 to 31/12/2016,CCG,E38000144,05L,NHS Sandwell and West Birmingham CCG,3.8,3.4,4.3,"6,992",267
2016,01/01/2016 to 31/12/2016,CCG,E38000145,03M,NHS Scarborough and Ryedale CCG,2.2,1.5,3.3,"1,043",23
2016,01/01/2016 to 31/12/2016,CCG,E38000146,03N,NHS Sheffield CCG,2.9,2.5,3.3,"6,063",175
2016,01/01/2016 to 31/12/2016,CCG,E38000147,05N,NHS Shropshire CCG,2.1,1.7,2.7,"2,721",58
2016,01/01/2016 to 31/12/2016,CCG,E38000148,10T,NHS Slough CCG,3.4,2.7,4.2,"2,318",79
2016,01/01/2016 to 31/12/2016,CCG,E38000149,05P,NHS Solihull CCG,2.9,2.2,3.7,"2,135",61
2016,01/01/2016 to 31/12/2016,CCG,E38000150,11X,NHS Somerset CCG,2.5,2.1,3.0,"5,031",125
2016,01/01/2016 to 31/12/2016,CCG,E38000151,01R,NHS South Cheshire CCG,2.3,1.7,3.1,"1,685",39
2016,01/01/2016 to 31/12/2016,CCG,E38000152,99Q,NHS South Devon and Torbay CCG,1.9,1.4,2.5,"2,316",43
2016,01/01/2016 to 31/12/2016,CCG,E38000153,05Q,NHS South East Staffordshire and Seisdon Peninsula CCG,2.1,1.5,2.8,"2,013",42
2016,01/01/2016 to 31/12/2016,CCG,E38000154,10V,NHS South Eastern Hampshire CCG,1.7,1.2,2.4,"1,963",34
2016,01/01/2016 to 31/12/2016,CCG,E38000155,12A,NHS South Gloucestershire CCG,1.9,1.5,2.5,"2,791",54
2016,01/01/2016 to 31/12/2016,CCG,E38000156,10A,NHS South Kent Coast CCG,2.6,2.0,3.5,"1,854",49
2016,01/01/2016 to 31/12/2016,CCG,E38000157,99D,NHS South Lincolnshire CCG,2.3,1.6,3.2,"1,312",30
2016,01/01/2016 to 31/12/2016,CCG,E38000219,06Y,NHS South Norfolk CCG,2.6,2.0,3.4,"2,100",55
2016,01/01/2016 to 31/12/2016,CCG,E38000160,10W,NHS South Reading CCG,3.0,2.3,3.9,"1,610",48
2016,01/01/2016 to 31/12/2016,CCG,E38000161,01T,NHS South Sefton CCG,2.2,1.6,3.0,"1,685",37
2016,01/01/2016 to 31/12/2016,CCG,E38000162,00M,NHS South Tees CCG,3.8,3.1,4.5,"3,027",114
2016,01/01/2016 to 31/12/2016,CCG,E38000163,00N,NHS South Tyneside CCG,2.7,2.0,3.6,"1,558",42
2016,01/01/2016 to 31/12/2016,CCG,E38000164,05R,NHS South Warwickshire CCG,2.0,1.5,2.7,"2,358",48
2016,01/01/2016 to 31/12/2016,CCG,E38000165,04Q,NHS South West Lincolnshire CCG,2.5,1.7,3.5,"1,166",29
2016,01/01/2016 to 31/12/2016,CCG,E38000166,05T,NHS South Worcestershire CCG,2.8,2.2,3.5,"2,652",74
2016,01/01/2016 to 31/12/2016,CCG,E38000167,10X,NHS Southampton CCG,2.9,2.3,3.5,"2,994",86
2016,01/01/2016 to 31/12/2016,CCG,E38000168,99G,NHS Southend CCG,2.7,2.1,3.5,"2,074",57
2016,01/01/2016 to 31/12/2016,CCG,E38000169,04R,NHS Southern Derbyshire CCG,2.6,2.2,3.1,"5,408",143
2016,01/01/2016 to 31/12/2016,CCG,E38000170,01V,NHS Southport and Formby CCG,2.7,1.8,4.0,890,24
2016,01/01/2016 to 31/12/2016,CCG,E38000171,08Q,NHS Southwark CCG,2.7,2.2,3.2,"4,056",109
2016,01/01/2016 to 31/12/2016,CCG,E38000172,01X,NHS St Helens CCG,2.3,1.7,3.1,"1,832",43
2016,01/01/2016 to 31/12/2016,CCG,E38000173,05V,NHS Stafford and Surrounds CCG,2.1,1.5,3.1,"1,307",28
2016,01/01/2016 to 31/12/2016,CCG,E38000174,01W,NHS Stockport CCG,2.0,1.6,2.6,"3,043",61
2016,01/01/2016 to 31/12/2016,CCG,E38000175,05W,NHS Stoke on Trent CCG,3.8,3.2,4.5,"3,240",124
2016,01/01/2016 to 31/12/2016,CCG,E38000176,00P,NHS Sunderland CCG,3.2,2.6,3.9,"2,745",87
2016,01/01/2016 to 31/12/2016,CCG,E38000177,99H,NHS Surrey Downs CCG,2.2,1.7,2.8,"2,759",61
2016,01/01/2016 to 31/12/2016,CCG,E38000178,10C,NHS Surrey Heath CCG,2.0,1.3,3.0,974,19
2016,01/01/2016 to 31/12/2016,CCG,E38000179,08T,NHS Sutton CCG,2.4,1.9,3.1,"2,514",60
2016,01/01/2016 to 31/12/2016,CCG,E38000180,10D,NHS Swale CCG,2.4,1.6,3.4,"1,136",27
2016,01/01/2016 to 31/12/2016,CCG,E38000181,12D,NHS Swindon CCG,2.9,2.3,3.6,"2,648",77
2016,01/01/2016 to 31/12/2016,CCG,E38000182,01Y,NHS Tameside and Glossop CCG,3.1,2.6,3.8,"2,875",90
2016,01/01/2016 to 31/12/2016,CCG,E38000183,05X,NHS Telford and Wrekin CCG,3.2,2.5,4.1,"1,924",61
2016,01/01/2016 to 31/12/2016,CCG,E38000184,10E,NHS Thanet CCG,2.3,1.6,3.2,"1,387",32
2016,01/01/2016 to 31/12/2016,CCG,E38000185,07G,NHS Thurrock CCG,2.6,2.0,3.3,"2,274",59
2016,01/01/2016 to 31/12/2016,CCG,E38000186,08V,NHS Tower Hamlets CCG,4.5,3.9,5.1,"4,200",188
2016,01/01/2016 to 31/12/2016,CCG,E38000187,02A,NHS Trafford CCG,2.2,1.7,2.9,"2,554",57
2016,01/01/2016 to 31/12/2016,CCG,E38000188,03Q,NHS Vale of York CCG,2.4,1.9,3.0,"3,132",74
2016,01/01/2016 to 31/12/2016,CCG,E38000189,02D,NHS Vale Royal CCG,2.6,1.8,3.8,"1,040",27
2016,01/01/2016 to 31/12/2016,CCG,E38000190,03R,NHS Wakefield CCG,3.2,2.7,3.8,"3,686",118
2016,01/01/2016 to 31/12/2016,CCG,E38000191,05Y,NHS Walsall CCG,4.1,3.5,4.8,"3,351",137
2016,01/01/2016 to 31/12/2016,CCG,E38000192,08W,NHS Waltham Forest CCG,3.2,2.7,3.8,"4,315",138
2016,01/01/2016 to 31/12/2016,CCG,E38000193,08X,NHS Wandsworth CCG,2.4,2.0,2.9,"4,455",107
2016,01/01/2016 to 31/12/2016,CCG,E38000194,02E,NHS Warrington CCG,2.7,2.1,3.5,"2,131",58
2016,01/01/2016 to 31/12/2016,CCG,E38000195,05H,NHS Warwickshire North CCG,2.6,2.0,3.4,"2,023",53
2016,01/01/2016 to 31/12/2016,CCG,E38000196,02F,NHS West Cheshire CCG,2.1,1.6,2.8,"2,239",47
2016,01/01/2016 to 31/12/2016,CCG,E38000197,07H,NHS West Essex CCG,2.2,1.7,2.7,"3,335",73
2016,01/01/2016 to 31/12/2016,CCG,E38000198,11A,NHS West Hampshire CCG,2.0,1.7,2.5,"5,129",105
2016,01/01/2016 to 31/12/2016,CCG,E38000199,99J,NHS West Kent CCG,1.8,1.5,2.2,"4,930",90
2016,01/01/2016 to 31/12/2016,CCG,E38000200,02G,NHS West Lancashire CCG,2.2,1.4,3.3,920,20
2016,01/01/2016 to 31/12/2016,CCG,E38000201,04V,NHS West Leicestershire CCG,2.3,1.9,2.8,"3,755",87
2016,01/01/2016 to 31/12/2016,CCG,E38000202,08Y,NHS West London CCG,2.7,2.2,3.5,"2,335",64
2016,01/01/2016 to 31/12/2016,CCG,E38000203,07J,NHS West Norfolk CCG,3.1,2.4,4.1,"1,660",52
2016,01/01/2016 to 31/12/2016,CCG,E38000204,07K,NHS West Suffolk CCG,2.4,1.8,3.1,"2,337",56
2016,01/01/2016 to 31/12/2016,CCG,E38000205,02H,NHS Wigan Borough CCG,2.9,2.4,3.6,"3,233",95
2016,01/01/2016 to 31/12/2016,CCG,E38000206,99N,NHS Wiltshire CCG,2.4,2.0,2.9,"4,704",113
2016,01/01/2016 to 31/12/2016,CCG,E38000207,11C,"NHS Windsor, Ascot and Maidenhead CCG",2.7,2.0,3.6,"1,534",41
2016,01/01/2016 to 31/12/2016,CCG,E38000208,12F,NHS Wirral CCG,2.4,1.9,3.0,"3,117",74
2016,01/01/2016 to 31/12/2016,CCG,E38000209,11D,NHS Wokingham CCG,1.3,0.8,2.0,"1,566",20
2016,01/01/2016 to 31/12/2016,CCG,E38000210,06A,NHS Wolverhampton CCG,3.4,2.8,4.1,"3,181",109
2016,01/01/2016 to 31/12/2016,CCG,E38000211,06D,NHS Wyre Forest CCG,2.9,2.1,4.2,988,29
2015,01/01/2015 to 31/12/2015,CCG,E38000001,02N,"NHS Airedale, Wharfedale and Craven CCG",3.0,2.3,4.0,"1,616",49
2015,01/01/2015 to 31/12/2015,CCG,E38000002,09C,NHS Ashford CCG,2.0,1.4,2.8,"1,422",28
2015,01/01/2015 to 31/12/2015,CCG,E38000003,10Y,NHS Aylesbury Vale CCG,2.6,2.0,3.4,"2,282",60
2015,01/01/2015 to 31/12/2015,CCG,E38000004,07L,NHS Barking and Dagenham CCG,3.4,2.9,4.1,"3,491",119
2015,01/01/2015 to 31/12/2015,CCG,E38000005,07M,NHS Barnet CCG,2.6,2.2,3.1,"4,853",125
2015,01/01/2015 to 31/12/2015,CCG,E38000006,02P,NHS Barnsley CCG,3.3,2.7,4.1,"2,599",86
2015,01/01/2015 to 31/12/2015,CCG,E38000007,99E,NHS Basildon and Brentwood CCG,1.6,1.2,2.1,"3,039",49
2015,01/01/2015 to 31/12/2015,CCG,E38000008,02Q,NHS Bassetlaw CCG,2.0,1.3,3.0,"1,095",22
2015,01/01/2015 to 31/12/2015,CCG,E38000009,11E,NHS Bath and North East Somerset CCG,2.5,1.9,3.4,"1,650",42
2015,01/01/2015 to 31/12/2015,CCG,E38000010,06F,NHS Bedfordshire CCG,2.4,2.0,2.9,"4,901",118
2015,01/01/2015 to 31/12/2015,CCG,E38000011,07N,NHS Bexley CCG,2.3,1.8,3.0,"2,907",68
2015,01/01/2015 to 31/12/2015,CCG,E38000012,13P,NHS Birmingham CrossCity CCG,4.0,3.6,4.4,"10,047",399
2015,01/01/2015 to 31/12/2015,CCG,E38000013,04X,NHS Birmingham South and Central CCG,4.3,3.6,5.1,"2,616",112
2015,01/01/2015 to 31/12/2015,CCG,E38000014,00Q,NHS Blackburn with Darwen CCG,4.3,3.5,5.3,"1,916",83
2015,01/01/2015 to 31/12/2015,CCG,E38000015,00R,NHS Blackpool CCG,2.9,2.2,3.9,"1,475",43
2015,01/01/2015 to 31/12/2015,CCG,E38000016,00T,NHS Bolton CCG,3.2,2.7,3.9,"3,290",106
2015,01/01/2015 to 31/12/2015,CCG,E38000017,10G,NHS Bracknell and Ascot CCG,2.4,1.7,3.3,"1,443",34
2015,01/01/2015 to 31/12/2015,CCG,E38000018,02W,NHS Bradford City CCG,4.7,3.8,5.9,"1,484",70
2015,01/01/2015 to 31/12/2015,CCG,E38000019,02R,NHS Bradford Districts CCG,4.1,3.6,4.7,"4,625",190
2015,01/01/2015 to 31/12/2015,CCG,E38000020,07P,NHS Brent CCG,3.6,3.1,4.2,"4,760",171
2015,01/01/2015 to 31/12/2015,CCG,E38000021,09D,NHS Brighton and Hove CCG,2.7,2.1,3.4,"2,756",74
2015,01/01/2015 to 31/12/2015,CCG,E38000022,11H,NHS Bristol CCG,3.7,3.2,4.2,"5,643",209
2015,01/01/2015 to 31/12/2015,CCG,E38000023,07Q,NHS Bromley CCG,2.2,1.8,2.7,"3,779",82
2015,01/01/2015 to 31/12/2015,CCG,E38000024,00V,NHS Bury CCG,2.5,1.9,3.3,"1,891",48
2015,01/01/2015 to 31/12/2015,CCG,E38000025,02T,NHS Calderdale CCG,3.3,2.7,4.2,"2,180",73
2015,01/01/2015 to 31/12/2015,CCG,E38000026,06H,NHS Cambridgeshire and Peterborough CCG,2.0,1.8,2.4,"9,483",194
2015,01/01/2015 to 31/12/2015,CCG,E38000027,07R,NHS Camden CCG,2.7,2.2,3.4,"2,500",68
2015,01/01/2015 to 31/12/2015,CCG,E38000028,04Y,NHS Cannock Chase CCG,2.2,1.5,3.1,"1,294",28
2015,01/01/2015 to 31/12/2015,CCG,E38000029,09E,NHS Canterbury and Coastal CCG,2.0,1.4,2.8,"1,646",33
2015,01/01/2015 to 31/12/2015,CCG,E38000030,99F,NHS Castle Point and Rochford CCG,2.1,1.5,3.0,"1,467",31
2015,01/01/2015 to 31/12/2015,CCG,E38000031,09A,NHS Central London (Westminster) CCG,3.4,2.6,4.4,"1,607",54
2015,01/01/2015 to 31/12/2015,CCG,E38000032,00W,NHS Central Manchester CCG,3.9,3.2,4.7,"2,690",105
2015,01/01/2015 to 31/12/2015,CCG,E38000033,10H,NHS Chiltern CCG,2.9,2.4,3.6,"3,345",98
2015,01/01/2015 to 31/12/2015,CCG,E38000034,00X,NHS Chorley and South Ribble CCG,2.6,1.9,3.4,"1,820",47
2015,01/01/2015 to 31/12/2015,CCG,E38000035,07T,NHS City and Hackney CCG,3.2,2.7,3.8,"4,221",135
2015,01/01/2015 to 31/12/2015,CCG,E38000213,09G,NHS Coastal West Sussex CCG,1.9,1.6,2.4,"4,501",87
2015,01/01/2015 to 31/12/2015,CCG,E38000037,03V,NHS Corby CCG,2.5,1.7,3.8,913,23
2015,01/01/2015 to 31/12/2015,CCG,E38000038,05A,NHS Coventry and Rugby CCG,2.9,2.5,3.4,"5,266",154
2015,01/01/2015 to 31/12/2015,CCG,E38000039,09H,NHS Crawley CCG,3.7,2.9,4.8,"1,467",55
2015,01/01/2015 to 31/12/2015,CCG,E38000040,07V,NHS Croydon CCG,3.2,2.7,3.7,"5,196",165
2015,01/01/2015 to 31/12/2015,CCG,E38000041,01H,NHS Cumbria CCG,3.0,2.5,3.5,"4,366",129
2015,01/01/2015 to 31/12/2015,CCG,E38000042,00C,NHS Darlington CCG,2.1,1.4,3.1,"1,128",24
2015,01/01/2015 to 31/12/2015,CCG,E38000043,09J,"NHS Dartford, Gravesham and Swanley CCG",1.8,1.4,2.3,"3,091",56
2015,01/01/2015 to 31/12/2015,CCG,E38000044,02X,NHS Doncaster CCG,3.1,2.6,3.8,"3,145",99
2015,01/01/2015 to 31/12/2015,CCG,E38000045,11J,NHS Dorset CCG,3.3,2.9,3.8,"6,738",223
2015,01/01/2015 to 31/12/2015,CCG,E38000046,05C,NHS Dudley CCG,3.5,3.0,4.2,"3,389",120
2015,01/01/2015 to 31/12/2015,CCG,E38000047,00D,"NHS Durham Dales, Easington and Sedgefield CCG",2.8,2.2,3.5,"2,614",73
2015,01/01/2015 to 31/12/2015,CCG,E38000048,07W,NHS Ealing CCG,3.1,2.7,3.7,"4,724",148
2015,01/01/2015 to 31/12/2015,CCG,E38000049,06K,NHS East and North Hertfordshire CCG,2.6,2.2,3.1,"5,911",155
2015,01/01/2015 to 31/12/2015,CCG,E38000050,01A,NHS East Lancashire CCG,3.3,2.8,3.9,"4,195",139
2015,01/01/2015 to 31/12/2015,CCG,E38000051,03W,NHS East Leicestershire and Rutland CCG,2.2,1.7,2.7,"2,967",64
2015,01/01/2015 to 31/12/2015,CCG,E38000052,02Y,NHS East Riding of Yorkshire CCG,2.0,1.6,2.7,"2,561",52
2015,01/01/2015 to 31/12/2015,CCG,E38000053,05D,NHS East Staffordshire CCG,2.2,1.6,3.2,"1,387",31
2015,01/01/2015 to 31/12/2015,CCG,E38000054,09L,NHS East Surrey CCG,2.0,1.5,2.7,"2,023",41
2015,01/01/2015 to 31/12/2015,CCG,E38000055,09F,"NHS Eastbourne, Hailsham and Seaford CCG",2.8,2.1,3.7,"1,648",46
2015,01/01/2015 to 31/12/2015,CCG,E38000056,01C,NHS Eastern Cheshire CCG,1.9,1.4,2.7,"1,857",36
2015,01/01/2015 to 31/12/2015,CCG,E38000057,07X,NHS Enfield CCG,2.9,2.4,3.4,"4,597",132
2015,01/01/2015 to 31/12/2015,CCG,E38000058,03X,NHS Erewash CCG,2.3,1.5,3.4,"1,045",24
2015,01/01/2015 to 31/12/2015,CCG,E38000059,10K,NHS Fareham and Gosport CCG,1.8,1.3,2.5,"1,913",34
2015,01/01/2015 to 31/12/2015,CCG,E38000060,02M,NHS Fylde and Wyre CCG,2.0,1.4,2.9,"1,306",26
2015,01/01/2015 to 31/12/2015,CCG,E38000062,11M,NHS Gloucestershire CCG,2.2,1.9,2.6,"6,159",138
2015,01/01/2015 to 31/12/2015,CCG,E38000063,06M,NHS Great Yarmouth and Waveney CCG,2.9,2.3,3.7,"2,023",59
2015,01/01/2015 to 31/12/2015,CCG,E38000064,03A,NHS Greater Huddersfield CCG,3.1,2.5,3.8,"2,575",80
2015,01/01/2015 to 31/12/2015,CCG,E38000065,01E,NHS Greater Preston CCG,2.8,2.2,3.5,"2,230",62
2015,01/01/2015 to 31/12/2015,CCG,E38000066,08A,NHS Greenwich CCG,3.3,2.8,3.8,"4,202",137
2015,01/01/2015 to 31/12/2015,CCG,E38000214,09N,NHS Guildford and Waverley CCG,1.9,1.4,2.6,"1,889",36
2015,01/01/2015 to 31/12/2015,CCG,E38000068,01F,NHS Halton CCG,1.7,1.1,2.5,"1,363",23
2015,01/01/2015 to 31/12/2015,CCG,E38000069,03D,"NHS Hambleton, Richmondshire and Whitby CCG",2.0,1.4,3.0,"1,277",26
2015,01/01/2015 to 31/12/2015,CCG,E38000070,08C,NHS Hammersmith and Fulham CCG,3.1,2.4,3.9,"2,128",66
2015,01/01/2015 to 31/12/2015,CCG,E38000071,03Y,NHS Hardwick CCG,2.4,1.7,3.4,"1,174",28
2015,01/01/2015 to 31/12/2015,CCG,E38000072,08D,NHS Haringey CCG,3.7,3.1,4.4,"3,777",140
2015,01/01/2015 to 31/12/2015,CCG,E38000073,03E,NHS Harrogate and Rural District CCG,1.4,0.9,2.2,"1,397",20
2015,01/01/2015 to 31/12/2015,CCG,E38000074,08E,NHS Harrow CCG,3.6,3.0,4.3,"3,253",118
2015,01/01/2015 to 31/12/2015,CCG,E38000075,00K,NHS Hartlepool and Stockton-on-Tees CCG,2.6,2.1,3.2,"3,089",79
2015,01/01/2015 to 31/12/2015,CCG,E38000076,09P,NHS Hastings and Rother CCG,2.7,2.0,3.6,"1,612",43
2015,01/01/2015 to 31/12/2015,CCG,E38000077,08F,NHS Havering CCG,2.6,2.1,3.2,"3,030",79
2015,01/01/2015 to 31/12/2015,CCG,E38000078,05F,NHS Herefordshire CCG,2.7,2.0,3.6,"1,597",43
2015,01/01/2015 to 31/12/2015,CCG,E38000079,06N,NHS Herts Valleys CCG,2.3,2.0,2.7,"7,038",163
2015,01/01/2015 to 31/12/2015,CCG,E38000080,01D,"NHS Heywood, Middleton and Rochdale CCG",2.9,2.3,3.6,"2,403",69
2015,01/01/2015 to 31/12/2015,CCG,E38000081,99K,NHS High Weald Lewes Havens CCG,1.8,1.2,2.7,"1,370",25
2015,01/01/2015 to 31/12/2015,CCG,E38000082,08G,NHS Hillingdon CCG,3.1,2.6,3.7,"3,862",120
2015,01/01/2015 to 31/12/2015,CCG,E38000083,09X,NHS Horsham and Mid Sussex CCG,2.1,1.6,2.8,"2,212",47
2015,01/01/2015 to 31/12/2015,CCG,E38000084,07Y,NHS Hounslow CCG,2.9,2.4,3.5,"4,009",116
2015,01/01/2015 to 31/12/2015,CCG,E38000085,03F,NHS Hull CCG,3.3,2.7,4.0,"3,306",109
2015,01/01/2015 to 31/12/2015,CCG,E38000086,06L,NHS Ipswich and East Suffolk CCG,2.3,1.8,2.8,"3,994",90
2015,01/01/2015 to 31/12/2015,CCG,E38000087,10L,NHS Isle of Wight CCG,2.6,1.9,3.7,"1,184",31
2015,01/01/2015 to 31/12/2015,CCG,E38000088,08H,NHS Islington CCG,3.1,2.5,3.8,"2,712",83
2015,01/01/2015 to 31/12/2015,CCG,E38000089,11N,NHS Kernow CCG,2.4,2.0,2.8,"5,013",119
2015,01/01/2015 to 31/12/2015,CCG,E38000090,08J,NHS Kingston CCG,2.9,2.3,3.7,"2,147",62
2015,01/01/2015 to 31/12/2015,CCG,E38000091,01J,NHS Knowsley CCG,2.1,1.5,2.8,"1,748",36
2015,01/01/2015 to 31/12/2015,CCG,E38000092,08K,NHS Lambeth CCG,2.5,2.0,3.0,"4,162",102
2015,01/01/2015 to 31/12/2015,CCG,E38000093,01K,NHS Lancashire North CCG,2.2,1.6,3.1,"1,455",32
2015,01/01/2015 to 31/12/2015,CCG,E38000094,02V,NHS Leeds North CCG,2.8,2.2,3.6,"2,281",64
2015,01/01/2015 to 31/12/2015,CCG,E38000095,03G,NHS Leeds South and East CCG,4.2,3.6,4.9,"3,384",142
2015,01/01/2015 to 31/12/2015,CCG,E38000096,03C,NHS Leeds West CCG,2.7,2.2,3.3,"3,724",100
2015,01/01/2015 to 31/12/2015,CCG,E38000097,04C,NHS Leicester City CCG,4.8,4.2,5.4,"4,631",222
2015,01/01/2015 to 31/12/2015,CCG,E38000098,08L,NHS Lewisham CCG,3.1,2.6,3.7,"4,357",135
2015,01/01/2015 to 31/12/2015,CCG,E38000099,03T,NHS Lincolnshire East CCG,2.7,2.1,3.5,"2,051",55
2015,01/01/2015 to 31/12/2015,CCG,E38000100,04D,NHS Lincolnshire West CCG,2.3,1.8,3.0,"2,432",56
2015,01/01/2015 to 31/12/2015,CCG,E38000101,99A,NHS Liverpool CCG,2.9,2.4,3.3,"5,285",151
2015,01/01/2015 to 31/12/2015,CCG,E38000102,06P,NHS Luton CCG,3.6,3.0,4.3,"3,130",113
2015,01/01/2015 to 31/12/2015,CCG,E38000103,04E,NHS Mansfield and Ashfield CCG,2.8,2.2,3.6,"2,146",61
2015,01/01/2015 to 31/12/2015,CCG,E38000104,09W,NHS Medway CCG,2.2,1.7,2.7,"3,181",69
2015,01/01/2015 to 31/12/2015,CCG,E38000105,08R,NHS Merton CCG,2.5,2.0,3.1,"3,141",79
2015,01/01/2015 to 31/12/2015,CCG,E38000106,06Q,NHS Mid Essex CCG,2.1,1.7,2.6,"3,761",78
2015,01/01/2015 to 31/12/2015,CCG,E38000107,04F,NHS Milton Keynes CCG,3.0,2.5,3.6,"3,644",108
2015,01/01/2015 to 31/12/2015,CCG,E38000108,04G,NHS Nene CCG,2.0,1.7,2.4,"7,280",148
2015,01/01/2015 to 31/12/2015,CCG,E38000109,04H,NHS Newark and Sherwood CCG,2.2,1.5,3.2,"1,143",25
2015,01/01/2015 to 31/12/2015,CCG,E38000110,10M,NHS Newbury and District CCG,2.5,1.7,3.6,"1,059",26
2015,01/01/2015 to 31/12/2015,CCG,E38000212,13T,NHS Newcastle Gateshead CCG,3.4,2.9,3.9,"5,087",171
2015,01/01/2015 to 31/12/2015,CCG,E38000113,08M,NHS Newham CCG,3.9,3.4,4.4,"5,580",216
2015,01/01/2015 to 31/12/2015,CCG,E38000114,10N,NHS North and West Reading CCG,2.2,1.5,3.3,"1,081",24
2015,01/01/2015 to 31/12/2015,CCG,E38000115,04J,NHS North Derbyshire CCG,3.0,2.3,3.8,"2,255",67
2015,01/01/2015 to 31/12/2015,CCG,E38000116,00J,NHS North Durham CCG,2.9,2.3,3.7,"2,275",66
2015,01/01/2015 to 31/12/2015,CCG,E38000117,06T,NHS North East Essex CCG,2.1,1.7,2.7,"3,293",70
2015,01/01/2015 to 31/12/2015,CCG,E38000118,99M,NHS North East Hampshire and Farnham CCG,2.3,1.8,3.0,"2,354",54
2015,01/01/2015 to 31/12/2015,CCG,E38000119,03H,NHS North East Lincolnshire CCG,2.7,2.0,3.6,"1,719",46
2015,01/01/2015 to 31/12/2015,CCG,E38000120,10J,NHS North Hampshire CCG,1.8,1.3,2.4,"2,414",43
2015,01/01/2015 to 31/12/2015,CCG,E38000121,03J,NHS North Kirklees CCG,4.0,3.2,4.8,"2,318",92
2015,01/01/2015 to 31/12/2015,CCG,E38000122,03K,NHS North Lincolnshire CCG,1.8,1.3,2.6,"1,656",30
2015,01/01/2015 to 31/12/2015,CCG,E38000123,01M,NHS North Manchester CCG,3.3,2.7,4.2,"2,130",71
2015,01/01/2015 to 31/12/2015,CCG,E38000124,06V,NHS North Norfolk CCG,2.9,2.2,4.0,"1,290",38
2015,01/01/2015 to 31/12/2015,CCG,E38000125,11T,NHS North Somerset CCG,3.2,2.5,4.1,"2,057",66
2015,01/01/2015 to 31/12/2015,CCG,E38000126,05G,NHS North Staffordshire CCG,2.3,1.7,3.1,"1,840",42
2015,01/01/2015 to 31/12/2015,CCG,E38000127,99C,NHS North Tyneside CCG,2.3,1.7,3.0,"1,990",45
2015,01/01/2015 to 31/12/2015,CCG,E38000128,09Y,NHS North West Surrey CCG,2.0,1.6,2.5,"4,132",83
2015,01/01/2015 to 31/12/2015,CCG,E38000129,99P,"NHS Northern, Eastern and Western Devon CCG",2.3,2.0,2.6,"8,378",193
2015,01/01/2015 to 31/12/2015,CCG,E38000130,00L,NHS Northumberland CCG,1.7,1.3,2.3,"2,603",44
2015,01/01/2015 to 31/12/2015,CCG,E38000131,06W,NHS Norwich CCG,2.9,2.3,3.8,"2,016",59
2015,01/01/2015 to 31/12/2015,CCG,E38000132,04K,NHS Nottingham City CCG,3.3,2.7,3.9,"3,899",127
2015,01/01/2015 to 31/12/2015,CCG,E38000133,04L,NHS Nottingham North and East CCG,2.3,1.7,3.2,"1,601",37
2015,01/01/2015 to 31/12/2015,CCG,E38000134,04M,NHS Nottingham West CCG,2.4,1.7,3.5,"1,121",27
2015,01/01/2015 to 31/12/2015,CCG,E38000135,00Y,NHS Oldham CCG,3.5,2.9,4.2,"2,906",101
2015,01/01/2015 to 31/12/2015,CCG,E38000136,10Q,NHS Oxfordshire CCG,2.3,2.0,2.7,"7,024",163
2015,01/01/2015 to 31/12/2015,CCG,E38000137,10R,NHS Portsmouth CCG,2.7,2.2,3.5,"2,455",67
2015,01/01/2015 to 31/12/2015,CCG,E38000138,08N,NHS Redbridge CCG,3.9,3.4,4.5,"4,392",172
2015,01/01/2015 to 31/12/2015,CCG,E38000139,05J,NHS Redditch and Bromsgrove CCG,2.5,1.9,3.4,"1,748",44
2015,01/01/2015 to 31/12/2015,CCG,E38000140,08P,NHS Richmond CCG,2.1,1.6,2.8,"2,388",51
2015,01/01/2015 to 31/12/2015,CCG,E38000141,03L,NHS Rotherham CCG,3.2,2.6,3.9,"2,841",90
2015,01/01/2015 to 31/12/2015,CCG,E38000142,04N,NHS Rushcliffe CCG,1.4,0.8,2.3,"1,000",14
2015,01/01/2015 to 31/12/2015,CCG,E38000143,01G,NHS Salford CCG,2.9,2.3,3.5,"3,131",90
2015,01/01/2015 to 31/12/2015,CCG,E38000144,05L,NHS Sandwell and West Birmingham CCG,4.3,3.8,4.8,"6,957",299
2015,01/01/2015 to 31/12/2015,CCG,E38000145,03M,NHS Scarborough and Ryedale CCG,1.7,1.1,2.7,"1,004",17
2015,01/01/2015 to 31/12/2015,CCG,E38000146,03N,NHS Sheffield CCG,3.0,2.6,3.5,"6,096",183
2015,01/01/2015 to 31/12/2015,CCG,E38000147,05N,NHS Shropshire CCG,2.3,1.8,3.0,"2,582",60
2015,01/01/2015 to 31/12/2015,CCG,E38000148,10T,NHS Slough CCG,2.7,2.1,3.5,"2,292",62
2015,01/01/2015 to 31/12/2015,CCG,E38000149,05P,NHS Solihull CCG,3.4,2.7,4.3,"2,073",71
2015,01/01/2015 to 31/12/2015,CCG,E38000150,11X,NHS Somerset CCG,2.6,2.2,3.1,"5,139",136
2015,01/01/2015 to 31/12/2015,CCG,E38000151,01R,NHS South Cheshire CCG,2.5,1.8,3.3,"1,714",42
2015,01/01/2015 to 31/12/2015,CCG,E38000152,99Q,NHS South Devon and Torbay CCG,2.9,2.3,3.6,"2,437",70
2015,01/01/2015 to 31/12/2015,CCG,E38000153,05Q,NHS South East Staffordshire and Seisdon Peninsula CCG,1.9,1.4,2.6,"1,954",37
2015,01/01/2015 to 31/12/2015,CCG,E38000154,10V,NHS South Eastern Hampshire CCG,2.5,1.9,3.3,"1,956",49
2015,01/01/2015 to 31/12/2015,CCG,E38000155,12A,NHS South Gloucestershire CCG,2.5,2.0,3.1,"2,797",69
2015,01/01/2015 to 31/12/2015,CCG,E38000156,10A,NHS South Kent Coast CCG,2.4,1.8,3.1,"1,911",45
2015,01/01/2015 to 31/12/2015,CCG,E38000157,99D,NHS South Lincolnshire CCG,2.0,1.4,2.8,"1,424",28
2015,01/01/2015 to 31/12/2015,CCG,E38000158,01N,NHS South Manchester CCG,2.6,2.0,3.3,"2,101",54
2015,01/01/2015 to 31/12/2015,CCG,E38000159,06Y,NHS South Norfolk CCG,2.4,1.9,3.2,"2,257",55
2015,01/01/2015 to 31/12/2015,CCG,E38000160,10W,NHS South Reading CCG,2.8,2.1,3.7,"1,609",45
2015,01/01/2015 to 31/12/2015,CCG,E38000161,01T,NHS South Sefton CCG,2.4,1.8,3.3,"1,617",39
2015,01/01/2015 to 31/12/2015,CCG,E38000162,00M,NHS South Tees CCG,3.2,2.7,3.9,"3,052",99
2015,01/01/2015 to 31/12/2015,CCG,E38000163,00N,NHS South Tyneside CCG,2.8,2.1,3.7,"1,509",42
2015,01/01/2015 to 31/12/2015,CCG,E38000164,05R,NHS South Warwickshire CCG,2.5,1.9,3.2,"2,400",60
2015,01/01/2015 to 31/12/2015,CCG,E38000165,04Q,NHS South West Lincolnshire CCG,2.3,1.6,3.3,"1,230",28
2015,01/01/2015 to 31/12/2015,CCG,E38000166,05T,NHS South Worcestershire CCG,2.8,2.2,3.5,"2,623",73
2015,01/01/2015 to 31/12/2015,CCG,E38000167,10X,NHS Southampton CCG,2.5,2.0,3.1,"3,074",77
2015,01/01/2015 to 31/12/2015,CCG,E38000168,99G,NHS Southend CCG,1.7,1.2,2.4,"2,052",35
2015,01/01/2015 to 31/12/2015,CCG,E38000169,04R,NHS Southern Derbyshire CCG,2.3,2.0,2.8,"5,505",129
2015,01/01/2015 to 31/12/2015,CCG,E38000170,01V,NHS Southport and Formby CCG,2.5,1.7,3.8,911,23
2015,01/01/2015 to 31/12/2015,CCG,E38000171,08Q,NHS Southwark CCG,2.3,1.9,2.8,"4,074",95
2015,01/01/2015 to 31/12/2015,CCG,E38000172,01X,NHS St Helens CCG,2.0,1.4,2.7,"1,808",36
2015,01/01/2015 to 31/12/2015,CCG,E38000173,05V,NHS Stafford and Surrounds CCG,2.4,1.7,3.4,"1,251",30
2015,01/01/2015 to 31/12/2015,CCG,E38000174,01W,NHS Stockport CCG,2.2,1.8,2.8,"3,047",68
2015,01/01/2015 to 31/12/2015,CCG,E38000175,05W,NHS Stoke on Trent CCG,3.9,3.3,4.7,"3,132",123
2015,01/01/2015 to 31/12/2015,CCG,E38000176,00P,NHS Sunderland CCG,3.5,2.8,4.2,"2,624",91
2015,01/01/2015 to 31/12/2015,CCG,E38000177,99H,NHS Surrey Downs CCG,1.9,1.4,2.4,"2,857",53
2015,01/01/2015 to 31/12/2015,CCG,E38000178,10C,NHS Surrey Heath CCG,2.0,1.3,3.0,"1,011",20
2015,01/01/2015 to 31/12/2015,CCG,E38000179,08T,NHS Sutton CCG,2.6,2.0,3.2,"2,541",65
2015,01/01/2015 to 31/12/2015,CCG,E38000180,10D,NHS Swale CCG,3.2,2.4,4.4,"1,268",41
2015,01/01/2015 to 31/12/2015,CCG,E38000181,12D,NHS Swindon CCG,3.1,2.5,3.9,"2,643",83
2015,01/01/2015 to 31/12/2015,CCG,E38000182,01Y,NHS Tameside and Glossop CCG,4.0,3.3,4.8,"2,847",113
2015,01/01/2015 to 31/12/2015,CCG,E38000183,05X,NHS Telford and Wrekin CCG,2.5,1.9,3.3,"1,902",47
2015,01/01/2015 to 31/12/2015,CCG,E38000184,10E,NHS Thanet CCG,3.0,2.3,4.0,"1,543",47
2015,01/01/2015 to 31/12/2015,CCG,E38000185,07G,NHS Thurrock CCG,2.5,2.0,3.3,"2,278",58
2015,01/01/2015 to 31/12/2015,CCG,E38000186,08V,NHS Tower Hamlets CCG,3.9,3.3,4.5,"4,205",162
2015,01/01/2015 to 31/12/2015,CCG,E38000187,02A,NHS Trafford CCG,2.9,2.3,3.6,"2,583",75
2015,01/01/2015 to 31/12/2015,CCG,E38000188,03Q,NHS Vale of York CCG,1.8,1.4,2.3,"3,199",57
2015,01/01/2015 to 31/12/2015,CCG,E38000189,02D,NHS Vale Royal CCG,1.8,1.1,2.8,"1,012",18
2015,01/01/2015 to 31/12/2015,CCG,E38000190,03R,NHS Wakefield CCG,2.3,1.8,2.8,"3,635",83
2015,01/01/2015 to 31/12/2015,CCG,E38000191,05Y,NHS Walsall CCG,4.2,3.6,5.0,"3,345",142
2015,01/01/2015 to 31/12/2015,CCG,E38000192,08W,NHS Waltham Forest CCG,3.1,2.6,3.7,"4,230",132
2015,01/01/2015 to 31/12/2015,CCG,E38000193,08X,NHS Wandsworth CCG,2.6,2.1,3.1,"4,605",118
2015,01/01/2015 to 31/12/2015,CCG,E38000194,02E,NHS Warrington CCG,2.1,1.6,2.8,"2,214",47
2015,01/01/2015 to 31/12/2015,CCG,E38000195,05H,NHS Warwickshire North CCG,2.7,2.1,3.5,"2,029",55
2015,01/01/2015 to 31/12/2015,CCG,E38000196,02F,NHS West Cheshire CCG,2.6,2.1,3.4,"2,265",60
2015,01/01/2015 to 31/12/2015,CCG,E38000197,07H,NHS West Essex CCG,2.5,2.0,3.1,"3,190",81
2015,01/01/2015 to 31/12/2015,CCG,E38000198,11A,NHS West Hampshire CCG,1.8,1.5,2.2,"5,083",93
2015,01/01/2015 to 31/12/2015,CCG,E38000199,99J,NHS West Kent CCG,2.0,1.7,2.4,"5,040",101
2015,01/01/2015 to 31/12/2015,CCG,E38000200,02G,NHS West Lancashire CCG,3.3,2.3,4.6,981,32
2015,01/01/2015 to 31/12/2015,CCG,E38000201,04V,NHS West Leicestershire CCG,2.3,1.9,2.9,"3,707",86
2015,01/01/2015 to 31/12/2015,CCG,E38000202,08Y,NHS West London CCG,2.4,1.8,3.0,"2,376",56
2015,01/01/2015 to 31/12/2015,CCG,E38000203,07J,NHS West Norfolk CCG,2.1,1.5,2.9,"1,657",35
2015,01/01/2015 to 31/12/2015,CCG,E38000204,07K,NHS West Suffolk CCG,2.3,1.8,3.0,"2,282",53
2015,01/01/2015 to 31/12/2015,CCG,E38000205,02H,NHS Wigan Borough CCG,3.1,2.5,3.7,"3,206",98
2015,01/01/2015 to 31/12/2015,CCG,E38000206,99N,NHS Wiltshire CCG,2.1,1.7,2.6,"4,630",98
2015,01/01/2015 to 31/12/2015,CCG,E38000207,11C,"NHS Windsor, Ascot and Maidenhead CCG",2.2,1.6,3.1,"1,427",32
2015,01/01/2015 to 31/12/2015,CCG,E38000208,12F,NHS Wirral CCG,2.3,1.8,2.8,"3,265",74
2015,01/01/2015 to 31/12/2015,CCG,E38000209,11D,NHS Wokingham CCG,1.7,1.2,2.5,"1,579",27
2015,01/01/2015 to 31/12/2015,CCG,E38000210,06A,NHS Wolverhampton CCG,3.5,2.9,4.2,"3,067",106
2015,01/01/2015 to 31/12/2015,CCG,E38000211,06D,NHS Wyre Forest CCG,2.6,1.8,3.8,957,25
2014,01/01/2014 to 31/12/2014,CCG,E38000001,02N,"NHS Airedale, Wharfedale and Craven CCG",2.7,2.0,3.6,"1,551",42
2014,01/01/2014 to 31/12/2014,CCG,E38000002,09C,NHS Ashford CCG,1.3,0.8,2.1,"1,346",18
2014,01/01/2014 to 31/12/2014,CCG,E38000003,10Y,NHS Aylesbury Vale CCG,2.0,1.5,2.7,"2,147",43
2014,01/01/2014 to 31/12/2014,CCG,E38000004,07L,NHS Barking and Dagenham CCG,3.4,2.8,4.1,"3,252",110
2014,01/01/2014 to 31/12/2014,CCG,E38000005,07M,NHS Barnet CCG,2.5,2.1,3.0,"4,775",119
2014,01/01/2014 to 31/12/2014,CCG,E38000006,02P,NHS Barnsley CCG,2.5,2.0,3.2,"2,567",64
2014,01/01/2014 to 31/12/2014,CCG,E38000007,99E,NHS Basildon and Brentwood CCG,2.9,2.4,3.6,"3,060",89
2014,01/01/2014 to 31/12/2014,CCG,E38000008,02Q,NHS Bassetlaw CCG,2.9,2.0,4.0,"1,086",31
2014,01/01/2014 to 31/12/2014,CCG,E38000009,11E,NHS Bath and North East Somerset CCG,1.6,1.0,2.3,"1,540",24
2014,01/01/2014 to 31/12/2014,CCG,E38000010,06F,NHS Bedfordshire CCG,2.5,2.1,3.0,"4,921",123
2014,01/01/2014 to 31/12/2014,CCG,E38000011,07N,NHS Bexley CCG,2.9,2.3,3.6,"2,789",80
2014,01/01/2014 to 31/12/2014,CCG,E38000012,13P,NHS Birmingham CrossCity CCG,3.9,3.5,4.3,"10,103",392
2014,01/01/2014 to 31/12/2014,CCG,E38000013,04X,NHS Birmingham South and Central CCG,4.3,3.6,5.1,"2,677",115
2014,01/01/2014 to 31/12/2014,CCG,E38000014,00Q,NHS Blackburn with Darwen CCG,4.3,3.5,5.3,"1,991",86
2014,01/01/2014 to 31/12/2014,CCG,E38000015,00R,NHS Blackpool CCG,3.3,2.5,4.3,"1,607",53
2014,01/01/2014 to 31/12/2014,CCG,E38000016,00T,NHS Bolton CCG,3.4,2.8,4.1,"3,112",106
2014,01/01/2014 to 31/12/2014,CCG,E38000017,10G,NHS Bracknell and Ascot CCG,1.9,1.3,2.7,"1,498",28
2014,01/01/2014 to 31/12/2014,CCG,E38000018,02W,NHS Bradford City CCG,5.3,4.3,6.5,"1,576",83
2014,01/01/2014 to 31/12/2014,CCG,E38000019,02R,NHS Bradford Districts CCG,3.5,3.0,4.1,"4,671",163
2014,01/01/2014 to 31/12/2014,CCG,E38000020,07P,NHS Brent CCG,3.6,3.1,4.2,"4,667",167
2014,01/01/2014 to 31/12/2014,CCG,E38000021,09D,NHS Brighton and Hove CCG,2.9,2.3,3.6,"2,673",77
2014,01/01/2014 to 31/12/2014,CCG,E38000022,11H,NHS Bristol CCG,2.6,2.2,3.1,"5,750",151
2014,01/01/2014 to 31/12/2014,CCG,E38000023,07Q,NHS Bromley CCG,2.6,2.2,3.2,"3,787",100
2014,01/01/2014 to 31/12/2014,CCG,E38000024,00V,NHS Bury CCG,2.9,2.2,3.8,"1,847",54
2014,01/01/2014 to 31/12/2014,CCG,E38000025,02T,NHS Calderdale CCG,2.4,1.8,3.1,"2,315",55
2014,01/01/2014 to 31/12/2014,CCG,E38000026,06H,NHS Cambridgeshire and Peterborough CCG,2.8,2.5,3.1,"9,788",272
2014,01/01/2014 to 31/12/2014,CCG,E38000027,07R,NHS Camden CCG,2.9,2.3,3.6,"2,425",70
2014,01/01/2014 to 31/12/2014,CCG,E38000028,04Y,NHS Cannock Chase CCG,2.2,1.5,3.1,"1,368",30
2014,01/01/2014 to 31/12/2014,CCG,E38000029,09E,NHS Canterbury and Coastal CCG,2.3,1.7,3.1,"1,652",38
2014,01/01/2014 to 31/12/2014,CCG,E38000030,99F,NHS Castle Point and Rochford CCG,1.6,1.1,2.4,"1,532",25
2014,01/01/2014 to 31/12/2014,CCG,E38000031,09A,NHS Central London (Westminster) CCG,2.4,1.8,3.3,"1,614",39
2014,01/01/2014 to 31/12/2014,CCG,E38000032,00W,NHS Central Manchester CCG,3.9,3.3,4.8,"2,636",104
2014,01/01/2014 to 31/12/2014,CCG,E38000033,10H,NHS Chiltern CCG,2.8,2.3,3.4,"3,324",92
2014,01/01/2014 to 31/12/2014,CCG,E38000034,00X,NHS Chorley and South Ribble CCG,2.0,1.4,2.7,"1,780",35
2014,01/01/2014 to 31/12/2014,CCG,E38000035,07T,NHS City and Hackney CCG,2.7,2.3,3.3,"4,094",112
2014,01/01/2014 to 31/12/2014,CCG,E38000036,09G,NHS Coastal West Sussex,2.0,1.6,2.4,"4,356",85
2014,01/01/2014 to 31/12/2014,CCG,E38000037,03V,NHS Corby CCG,3.5,2.4,5.0,801,28
2014,01/01/2014 to 31/12/2014,CCG,E38000038,05A,NHS Coventry and Rugby CCG,3.0,2.6,3.5,"5,343",159
2014,01/01/2014 to 31/12/2014,CCG,E38000039,09H,NHS Crawley CCG,2.4,1.7,3.3,"1,458",35
2014,01/01/2014 to 31/12/2014,CCG,E38000040,07V,NHS Croydon CCG,3.4,2.9,3.9,"5,159",175
2014,01/01/2014 to 31/12/2014,CCG,E38000041,01H,NHS Cumbria CCG,2.2,1.8,2.7,"4,420",97
2014,01/01/2014 to 31/12/2014,CCG,E38000042,00C,NHS Darlington CCG,2.8,2.0,3.9,"1,117",31
2014,01/01/2014 to 31/12/2014,CCG,E38000043,09J,"NHS Dartford, Gravesham and Swanley CCG",2.7,2.2,3.3,"3,178",86
2014,01/01/2014 to 31/12/2014,CCG,E38000044,02X,NHS Doncaster CCG,3.3,2.7,4.0,"3,246",107
2014,01/01/2014 to 31/12/2014,CCG,E38000045,11J,NHS Dorset CCG,2.7,2.3,3.1,"6,519",174
2014,01/01/2014 to 31/12/2014,CCG,E38000046,05C,NHS Dudley CCG,3.7,3.2,4.4,"3,473",130
2014,01/01/2014 to 31/12/2014,CCG,E38000047,00D,"NHS Durham Dales, Easington and Sedgefield CCG",3.0,2.5,3.8,"2,624",80
2014,01/01/2014 to 31/12/2014,CCG,E38000048,07W,NHS Ealing CCG,3.6,3.1,4.1,"4,966",177
2014,01/01/2014 to 31/12/2014,CCG,E38000049,06K,NHS East and North Hertfordshire CCG,2.6,2.2,3.0,"5,983",154
2014,01/01/2014 to 31/12/2014,CCG,E38000050,01A,NHS East Lancashire CCG,3.2,2.7,3.7,"4,305",136
2014,01/01/2014 to 31/12/2014,CCG,E38000051,03W,NHS East Leicestershire and Rutland CCG,1.9,1.4,2.4,"2,927",55
2014,01/01/2014 to 31/12/2014,CCG,E38000052,02Y,NHS East Riding of Yorkshire CCG,1.9,1.5,2.5,"2,635",51
2014,01/01/2014 to 31/12/2014,CCG,E38000053,05D,NHS East Staffordshire CCG,2.6,1.9,3.6,"1,363",36
2014,01/01/2014 to 31/12/2014,CCG,E38000054,09L,NHS East Surrey CCG,2.7,2.1,3.5,"2,056",55
2014,01/01/2014 to 31/12/2014,CCG,E38000055,09F,"NHS Eastbourne, Hailsham and Seaford CCG",2.6,2.0,3.5,"1,728",45
2014,01/01/2014 to 31/12/2014,CCG,E38000056,01C,NHS Eastern Cheshire CCG,2.0,1.5,2.8,"1,716",35
2014,01/01/2014 to 31/12/2014,CCG,E38000057,07X,NHS Enfield CCG,2.7,2.2,3.2,"4,336",116
2014,01/01/2014 to 31/12/2014,CCG,E38000058,03X,NHS Erewash CCG,2.2,1.5,3.3,"1,031",23
2014,01/01/2014 to 31/12/2014,CCG,E38000059,10K,NHS Fareham and Gosport CCG,2.4,1.8,3.2,"1,827",44
2014,01/01/2014 to 31/12/2014,CCG,E38000060,02M,NHS Fylde and Wyre CCG,2.1,1.4,3.0,"1,317",27
2014,01/01/2014 to 31/12/2014,CCG,E38000062,11M,NHS Gloucestershire CCG,2.9,2.5,3.4,"6,016",177
2014,01/01/2014 to 31/12/2014,CCG,E38000063,06M,NHS Great Yarmouth and Waveney CCG,2.5,1.9,3.2,"2,089",52
2014,01/01/2014 to 31/12/2014,CCG,E38000064,03A,NHS Greater Huddersfield CCG,2.8,2.3,3.5,"2,583",73
2014,01/01/2014 to 31/12/2014,CCG,E38000065,01E,NHS Greater Preston CCG,3.6,2.9,4.5,"2,235",81
2014,01/01/2014 to 31/12/2014,CCG,E38000066,08A,NHS Greenwich CCG,2.9,2.4,3.5,"3,973",115
2014,01/01/2014 to 31/12/2014,CCG,E38000067,09N,NHS Guildford and Waverley,2.1,1.5,2.8,"1,935",40
2014,01/01/2014 to 31/12/2014,CCG,E38000068,01F,NHS Halton CCG,1.9,1.3,2.8,"1,415",27
2014,01/01/2014 to 31/12/2014,CCG,E38000069,03D,"NHS Hambleton, Richmondshire and Whitby CCG",2.1,1.5,3.1,"1,257",27
2014,01/01/2014 to 31/12/2014,CCG,E38000070,08C,NHS Hammersmith and Fulham CCG,3.2,2.5,4.0,"2,237",71
2014,01/01/2014 to 31/12/2014,CCG,E38000071,03Y,NHS Hardwick CCG,3.2,2.3,4.4,"1,068",34
2014,01/01/2014 to 31/12/2014,CCG,E38000072,08D,NHS Haringey CCG,3.1,2.6,3.8,"3,550",111
2014,01/01/2014 to 31/12/2014,CCG,E38000073,03E,NHS Harrogate and Rural District CCG,2.3,1.6,3.3,"1,328",31
2014,01/01/2014 to 31/12/2014,CCG,E38000074,08E,NHS Harrow CCG,4.3,3.6,5.1,"3,214",138
2014,01/01/2014 to 31/12/2014,CCG,E38000075,00K,NHS Hartlepool and Stockton-on-Tees CCG,2.9,2.4,3.5,"3,105",90
2014,01/01/2014 to 31/12/2014,CCG,E38000076,09P,NHS Hastings and Rother CCG,2.1,1.5,3.0,"1,638",35
2014,01/01/2014 to 31/12/2014,CCG,E38000077,08F,NHS Havering CCG,2.5,2.0,3.1,"2,896",72
2014,01/01/2014 to 31/12/2014,CCG,E38000078,05F,NHS Herefordshire CCG,3.0,2.2,3.9,"1,591",47
2014,01/01/2014 to 31/12/2014,CCG,E38000079,06N,NHS Herts Valleys CCG,2.7,2.4,3.2,"6,854",188
2014,01/01/2014 to 31/12/2014,CCG,E38000080,01D,"NHS Heywood, Middleton and Rochdale CCG",3.3,2.6,4.1,"2,379",78
2014,01/01/2014 to 31/12/2014,CCG,E38000081,99K,NHS High Weald Lewes Havens CCG,1.4,0.9,2.2,"1,356",19
2014,01/01/2014 to 31/12/2014,CCG,E38000082,08G,NHS Hillingdon CCG,3.0,2.5,3.6,"3,958",119
2014,01/01/2014 to 31/12/2014,CCG,E38000083,09X,NHS Horsham and Mid Sussex CCG,1.8,1.3,2.4,"2,135",38
2014,01/01/2014 to 31/12/2014,CCG,E38000084,07Y,NHS Hounslow CCG,2.9,2.4,3.5,"3,830",111
2014,01/01/2014 to 31/12/2014,CCG,E38000085,03F,NHS Hull CCG,2.4,1.9,3.0,"3,259",78
2014,01/01/2014 to 31/12/2014,CCG,E38000086,06L,NHS Ipswich and East Suffolk CCG,2.4,1.9,2.9,"3,894",92
2014,01/01/2014 to 31/12/2014,CCG,E38000087,10L,NHS Isle of Wight CCG,2.1,1.4,3.0,"1,210",25
2014,01/01/2014 to 31/12/2014,CCG,E38000088,08H,NHS Islington CCG,3.5,2.9,4.3,"2,574",90
2014,01/01/2014 to 31/12/2014,CCG,E38000089,11N,NHS Kernow CCG,2.8,2.4,3.3,"4,952",138
2014,01/01/2014 to 31/12/2014,CCG,E38000090,08J,NHS Kingston CCG,2.9,2.3,3.7,"2,067",60
2014,01/01/2014 to 31/12/2014,CCG,E38000091,01J,NHS Knowsley CCG,2.7,2.1,3.6,"1,719",47
2014,01/01/2014 to 31/12/2014,CCG,E38000092,08K,NHS Lambeth CCG,2.8,2.4,3.4,"4,116",116
2014,01/01/2014 to 31/12/2014,CCG,E38000093,01K,NHS Lancashire North CCG,2.6,1.9,3.5,"1,508",39
2014,01/01/2014 to 31/12/2014,CCG,E38000094,02V,NHS Leeds North CCG,3.5,2.8,4.3,"2,314",80
2014,01/01/2014 to 31/12/2014,CCG,E38000095,03G,NHS Leeds South and East CCG,3.8,3.2,4.5,"3,411",131
2014,01/01/2014 to 31/12/2014,CCG,E38000096,03C,NHS Leeds West CCG,3.0,2.5,3.6,"3,652",111
2014,01/01/2014 to 31/12/2014,CCG,E38000097,04C,NHS Leicester City CCG,4.2,3.7,4.9,"4,737",201
2014,01/01/2014 to 31/12/2014,CCG,E38000098,08L,NHS Lewisham CCG,3.1,2.6,3.6,"4,324",133
2014,01/01/2014 to 31/12/2014,CCG,E38000099,03T,NHS Lincolnshire East CCG,2.6,2.0,3.4,"2,108",55
2014,01/01/2014 to 31/12/2014,CCG,E38000100,04D,NHS Lincolnshire West CCG,1.9,1.4,2.5,"2,442",46
2014,01/01/2014 to 31/12/2014,CCG,E38000101,99A,NHS Liverpool CCG,2.6,2.2,3.1,"5,239",137
2014,01/01/2014 to 31/12/2014,CCG,E38000102,06P,NHS Luton CCG,4.5,3.8,5.3,"3,104",139
2014,01/01/2014 to 31/12/2014,CCG,E38000103,04E,NHS Mansfield and Ashfield CCG,3.2,2.6,4.1,"2,137",69
2014,01/01/2014 to 31/12/2014,CCG,E38000104,09W,NHS Medway CCG,2.7,2.2,3.3,"3,151",84
2014,01/01/2014 to 31/12/2014,CCG,E38000105,08R,NHS Merton CCG,2.7,2.2,3.3,"3,025",81
2014,01/01/2014 to 31/12/2014,CCG,E38000106,06Q,NHS Mid Essex CCG,2.3,1.9,2.8,"3,842",88
2014,01/01/2014 to 31/12/2014,CCG,E38000107,04F,NHS Milton Keynes CCG,2.8,2.3,3.4,"3,408",95
2014,01/01/2014 to 31/12/2014,CCG,E38000108,04G,NHS Nene CCG,2.4,2.1,2.8,"6,950",169
2014,01/01/2014 to 31/12/2014,CCG,E38000109,04H,NHS Newark and Sherwood CCG,2.0,1.4,3.0,"1,134",23
2014,01/01/2014 to 31/12/2014,CCG,E38000110,10M,NHS Newbury and District CCG,1.6,1.0,2.4,"1,158",18
2014,01/01/2014 to 31/12/2014,CCG,E38000212,13T,NHS Newcastle Gateshead CCG,3.5,3.1,4.1,"5,078",179
2014,01/01/2014 to 31/12/2014,CCG,E38000113,08M,NHS Newham CCG,4.4,3.9,5.0,"5,390",238
2014,01/01/2014 to 31/12/2014,CCG,E38000114,10N,NHS North and West Reading CCG,2.5,1.8,3.7,"1,060",27
2014,01/01/2014 to 31/12/2014,CCG,E38000115,04J,NHS North Derbyshire CCG,2.2,1.7,2.9,"2,365",52
2014,01/01/2014 to 31/12/2014,CCG,E38000116,00J,NHS North Durham CCG,2.2,1.7,2.9,"2,320",52
2014,01/01/2014 to 31/12/2014,CCG,E38000117,06T,NHS North East Essex CCG,3.6,3.0,4.3,"3,324",119
2014,01/01/2014 to 31/12/2014,CCG,E38000118,99M,NHS North East Hampshire and Farnham CCG,2.4,1.8,3.0,"2,382",56
2014,01/01/2014 to 31/12/2014,CCG,E38000119,03H,NHS North East Lincolnshire CCG,2.8,2.1,3.6,"1,735",48
2014,01/01/2014 to 31/12/2014,CCG,E38000120,10J,NHS North Hampshire CCG,1.7,1.3,2.3,"2,389",41
2014,01/01/2014 to 31/12/2014,CCG,E38000121,03J,NHS North Kirklees CCG,4.7,3.9,5.6,"2,417",114
2014,01/01/2014 to 31/12/2014,CCG,E38000122,03K,NHS North Lincolnshire CCG,2.6,1.9,3.6,"1,555",41
2014,01/01/2014 to 31/12/2014,CCG,E38000123,01M,NHS North Manchester CCG,3.6,2.9,4.5,"2,194",79
2014,01/01/2014 to 31/12/2014,CCG,E38000124,06V,NHS North Norfolk CCG,2.1,1.5,3.1,"1,257",27
2014,01/01/2014 to 31/12/2014,CCG,E38000125,11T,NHS North Somerset CCG,2.2,1.6,2.9,"1,931",42
2014,01/01/2014 to 31/12/2014,CCG,E38000126,05G,NHS North Staffordshire CCG,2.5,1.9,3.3,"1,925",49
2014,01/01/2014 to 31/12/2014,CCG,E38000127,99C,NHS North Tyneside CCG,3.1,2.5,4.0,"2,083",65
2014,01/01/2014 to 31/12/2014,CCG,E38000128,09Y,NHS North West Surrey CCG,2.1,1.7,2.6,"4,147",89
2014,01/01/2014 to 31/12/2014,CCG,E38000129,99P,"NHS Northern, Eastern and Western Devon CCG",2.5,2.2,2.8,"8,282",205
2014,01/01/2014 to 31/12/2014,CCG,E38000130,00L,NHS Northumberland CCG,2.0,1.5,2.6,"2,479",50
2014,01/01/2014 to 31/12/2014,CCG,E38000131,06W,NHS Norwich CCG,3.4,2.7,4.2,"2,098",71
2014,01/01/2014 to 31/12/2014,CCG,E38000132,04K,NHS Nottingham City CCG,3.1,2.6,3.7,"3,845",118
2014,01/01/2014 to 31/12/2014,CCG,E38000133,04L,NHS Nottingham North and East CCG,3.3,2.5,4.3,"1,503",49
2014,01/01/2014 to 31/12/2014,CCG,E38000134,04M,NHS Nottingham West CCG,3.1,2.2,4.2,"1,112",34
2014,01/01/2014 to 31/12/2014,CCG,E38000135,00Y,NHS Oldham CCG,4.0,3.3,4.7,"2,875",114
2014,01/01/2014 to 31/12/2014,CCG,E38000136,10Q,NHS Oxfordshire CCG,2.3,2.0,2.7,"6,919",162
2014,01/01/2014 to 31/12/2014,CCG,E38000137,10R,NHS Portsmouth CCG,3.0,2.4,3.8,"2,493",75
2014,01/01/2014 to 31/12/2014,CCG,E38000138,08N,NHS Redbridge CCG,3.9,3.4,4.6,"4,288",169
2014,01/01/2014 to 31/12/2014,CCG,E38000139,05J,NHS Redditch and Bromsgrove CCG,2.4,1.8,3.2,"1,852",44
2014,01/01/2014 to 31/12/2014,CCG,E38000140,08P,NHS Richmond CCG,2.1,1.6,2.8,"2,364",50
2014,01/01/2014 to 31/12/2014,CCG,E38000141,03L,NHS Rotherham CCG,3.9,3.3,4.7,"2,827",111
2014,01/01/2014 to 31/12/2014,CCG,E38000142,04N,NHS Rushcliffe CCG,2.4,1.6,3.6,943,23
2014,01/01/2014 to 31/12/2014,CCG,E38000143,01G,NHS Salford CCG,2.8,2.3,3.5,"3,018",85
2014,01/01/2014 to 31/12/2014,CCG,E38000144,05L,NHS Sandwell and West Birmingham CCG,4.4,4.0,4.9,"6,877",305
2014,01/01/2014 to 31/12/2014,CCG,E38000145,03M,NHS Scarborough and Ryedale CCG,3.1,2.2,4.4,"1,055",33
2014,01/01/2014 to 31/12/2014,CCG,E38000146,03N,NHS Sheffield CCG,3.1,2.7,3.5,"6,076",187
2014,01/01/2014 to 31/12/2014,CCG,E38000147,05N,NHS Shropshire CCG,2.6,2.1,3.3,"2,630",69
2014,01/01/2014 to 31/12/2014,CCG,E38000148,10T,NHS Slough CCG,2.9,2.3,3.6,"2,304",66
2014,01/01/2014 to 31/12/2014,CCG,E38000149,05P,NHS Solihull CCG,2.4,1.8,3.1,"2,073",49
2014,01/01/2014 to 31/12/2014,CCG,E38000150,11X,NHS Somerset CCG,2.1,1.7,2.5,"5,062",106
2014,01/01/2014 to 31/12/2014,CCG,E38000151,01R,NHS South Cheshire CCG,1.9,1.4,2.7,"1,654",32
2014,01/01/2014 to 31/12/2014,CCG,E38000152,99Q,NHS South Devon and Torbay CCG,2.3,1.8,3.0,"2,462",57
2014,01/01/2014 to 31/12/2014,CCG,E38000153,05Q,NHS South East Staffordshire and Seisdon Peninsula CCG,1.9,1.4,2.6,"1,972",37
2014,01/01/2014 to 31/12/2014,CCG,E38000154,10V,NHS South Eastern Hampshire CCG,3.0,2.3,3.9,"1,921",58
2014,01/01/2014 to 31/12/2014,CCG,E38000155,12A,NHS South Gloucestershire CCG,2.0,1.5,2.5,"2,844",56
2014,01/01/2014 to 31/12/2014,CCG,E38000156,10A,NHS South Kent Coast CCG,2.4,1.8,3.1,"1,983",47
2014,01/01/2014 to 31/12/2014,CCG,E38000157,99D,NHS South Lincolnshire CCG,1.7,1.2,2.5,"1,443",25
2014,01/01/2014 to 31/12/2014,CCG,E38000158,01N,NHS South Manchester CCG,3.4,2.7,4.3,"2,066",71
2014,01/01/2014 to 31/12/2014,CCG,E38000159,06Y,NHS South Norfolk CCG,2.6,2.0,3.3,"2,361",61
2014,01/01/2014 to 31/12/2014,CCG,E38000160,10W,NHS South Reading CCG,3.4,2.6,4.4,"1,649",56
2014,01/01/2014 to 31/12/2014,CCG,E38000161,01T,NHS South Sefton CCG,2.9,2.2,3.9,"1,598",47
2014,01/01/2014 to 31/12/2014,CCG,E38000162,00M,NHS South Tees CCG,3.0,2.5,3.7,"3,094",94
2014,01/01/2014 to 31/12/2014,CCG,E38000163,00N,NHS South Tyneside CCG,2.3,1.7,3.2,"1,467",34
2014,01/01/2014 to 31/12/2014,CCG,E38000164,05R,NHS South Warwickshire CCG,3.1,2.4,3.8,"2,353",72
2014,01/01/2014 to 31/12/2014,CCG,E38000165,04Q,NHS South West Lincolnshire CCG,2.5,1.7,3.5,"1,174",29
2014,01/01/2014 to 31/12/2014,CCG,E38000166,05T,NHS South Worcestershire CCG,2.3,1.8,2.9,"2,546",58
2014,01/01/2014 to 31/12/2014,CCG,E38000167,10X,NHS Southampton CCG,2.6,2.1,3.2,"3,068",80
2014,01/01/2014 to 31/12/2014,CCG,E38000168,99G,NHS Southend CCG,2.0,1.4,2.7,"2,034",40
2014,01/01/2014 to 31/12/2014,CCG,E38000169,04R,NHS Southern Derbyshire CCG,3.1,2.7,3.6,"5,601",176
2014,01/01/2014 to 31/12/2014,CCG,E38000170,01V,NHS Southport and Formby CCG,1.9,1.2,3.0,936,18
2014,01/01/2014 to 31/12/2014,CCG,E38000171,08Q,NHS Southwark CCG,2.9,2.5,3.5,"4,241",124
2014,01/01/2014 to 31/12/2014,CCG,E38000172,01X,NHS St Helens CCG,2.3,1.7,3.1,"1,802",42
2014,01/01/2014 to 31/12/2014,CCG,E38000173,05V,NHS Stafford and Surrounds CCG,2.2,1.6,3.2,"1,247",28
2014,01/01/2014 to 31/12/2014,CCG,E38000174,01W,NHS Stockport CCG,2.3,1.8,2.9,"3,034",70
2014,01/01/2014 to 31/12/2014,CCG,E38000175,05W,NHS Stoke on Trent CCG,4.0,3.4,4.7,"3,368",135
2014,01/01/2014 to 31/12/2014,CCG,E38000176,00P,NHS Sunderland CCG,4.2,3.5,5.0,"2,671",111
2014,01/01/2014 to 31/12/2014,CCG,E38000177,99H,NHS Surrey Downs CCG,2.2,1.7,2.8,"2,871",62
2014,01/01/2014 to 31/12/2014,CCG,E38000178,10C,NHS Surrey Heath CCG,1.6,1.0,2.6,933,15
2014,01/01/2014 to 31/12/2014,CCG,E38000179,08T,NHS Sutton CCG,2.1,1.6,2.8,"2,541",54
2014,01/01/2014 to 31/12/2014,CCG,E38000180,10D,NHS Swale CCG,2.0,1.4,2.9,"1,310",26
2014,01/01/2014 to 31/12/2014,CCG,E38000181,12D,NHS Swindon CCG,2.9,2.3,3.6,"2,677",77
2014,01/01/2014 to 31/12/2014,CCG,E38000182,01Y,NHS Tameside and Glossop CCG,3.4,2.8,4.2,"2,971",102
2014,01/01/2014 to 31/12/2014,CCG,E38000183,05X,NHS Telford and Wrekin CCG,2.5,1.9,3.3,"1,866",46
2014,01/01/2014 to 31/12/2014,CCG,E38000184,10E,NHS Thanet CCG,2.0,1.4,2.9,"1,464",30
2014,01/01/2014 to 31/12/2014,CCG,E38000185,07G,NHS Thurrock CCG,2.3,1.8,3.1,"2,173",51
2014,01/01/2014 to 31/12/2014,CCG,E38000186,08V,NHS Tower Hamlets CCG,5.0,4.3,5.6,"4,260",211
2014,01/01/2014 to 31/12/2014,CCG,E38000187,02A,NHS Trafford CCG,3.2,2.6,4.0,"2,476",79
2014,01/01/2014 to 31/12/2014,CCG,E38000188,03Q,NHS Vale of York CCG,2.4,1.9,3.0,"3,257",78
2014,01/01/2014 to 31/12/2014,CCG,E38000189,02D,NHS Vale Royal CCG,2.6,1.7,3.7,979,25
2014,01/01/2014 to 31/12/2014,CCG,E38000190,03R,NHS Wakefield CCG,2.7,2.2,3.3,"3,698",100
2014,01/01/2014 to 31/12/2014,CCG,E38000191,05Y,NHS Walsall CCG,5.8,5.1,6.7,"3,332",194
2014,01/01/2014 to 31/12/2014,CCG,E38000192,08W,NHS Waltham Forest CCG,4.0,3.4,4.6,"4,203",167
2014,01/01/2014 to 31/12/2014,CCG,E38000193,08X,NHS Wandsworth CCG,2.3,1.9,2.8,"4,699",110
2014,01/01/2014 to 31/12/2014,CCG,E38000194,02E,NHS Warrington CCG,2.4,1.8,3.1,"2,208",52
2014,01/01/2014 to 31/12/2014,CCG,E38000195,05H,NHS Warwickshire North CCG,2.7,2.0,3.5,"1,918",51
2014,01/01/2014 to 31/12/2014,CCG,E38000196,02F,NHS West Cheshire CCG,1.9,1.4,2.6,"2,234",43
2014,01/01/2014 to 31/12/2014,CCG,E38000197,07H,NHS West Essex CCG,2.5,2.0,3.1,"3,318",82
2014,01/01/2014 to 31/12/2014,CCG,E38000198,11A,NHS West Hampshire CCG,2.4,2.0,2.8,"5,319",125
2014,01/01/2014 to 31/12/2014,CCG,E38000199,99J,NHS West Kent CCG,2.5,2.1,3.0,"5,038",127
2014,01/01/2014 to 31/12/2014,CCG,E38000200,02G,NHS West Lancashire CCG,1.7,1.1,2.8,933,16
2014,01/01/2014 to 31/12/2014,CCG,E38000201,04V,NHS West Leicestershire CCG,2.4,1.9,3.0,"3,487",84
2014,01/01/2014 to 31/12/2014,CCG,E38000202,08Y,NHS West London CCG,3.1,2.5,3.9,"2,392",75
2014,01/01/2014 to 31/12/2014,CCG,E38000203,07J,NHS West Norfolk CCG,2.7,2.0,3.5,"1,721",46
2014,01/01/2014 to 31/12/2014,CCG,E38000204,07K,NHS West Suffolk CCG,1.8,1.3,2.4,"2,341",41
2014,01/01/2014 to 31/12/2014,CCG,E38000205,02H,NHS Wigan Borough CCG,2.8,2.3,3.5,"3,231",92
2014,01/01/2014 to 31/12/2014,CCG,E38000206,99N,NHS Wiltshire CCG,2.3,1.9,2.8,"4,809",112
2014,01/01/2014 to 31/12/2014,CCG,E38000207,11C,"NHS Windsor, Ascot and Maidenhead CCG",2.4,1.7,3.3,"1,465",35
2014,01/01/2014 to 31/12/2014,CCG,E38000208,12F,NHS Wirral CCG,1.9,1.4,2.4,"3,229",60
2014,01/01/2014 to 31/12/2014,CCG,E38000209,11D,NHS Wokingham CCG,2.0,1.4,2.8,"1,615",32
2014,01/01/2014 to 31/12/2014,CCG,E38000210,06A,NHS Wolverhampton CCG,3.2,2.6,3.9,"3,121",100
2014,01/01/2014 to 31/12/2014,CCG,E38000211,06D,NHS Wyre Forest CCG,3.2,2.3,4.6,933,30
2013,01/01/2013 to 31/12/2013,CCG,E38000001,02N,"NHS Airedale, Wharfedale and Craven CCG",3.1,2.4,4.1,"1,659",52
2013,01/01/2013 to 31/12/2013,CCG,E38000002,09C,NHS Ashford CCG,1.3,0.8,2.0,"1,354",17
2013,01/01/2013 to 31/12/2013,CCG,E38000003,10Y,NHS Aylesbury Vale CCG,3.0,2.3,3.8,"2,092",62
2013,01/01/2013 to 31/12/2013,CCG,E38000004,07L,NHS Barking and Dagenham CCG,3.6,3.0,4.2,"3,499",125
2013,01/01/2013 to 31/12/2013,CCG,E38000005,07M,NHS Barnet CCG,3.2,2.7,3.7,"4,760",152
2013,01/01/2013 to 31/12/2013,CCG,E38000006,02P,NHS Barnsley CCG,2.8,2.3,3.6,"2,562",73
2013,01/01/2013 to 31/12/2013,CCG,E38000007,99E,NHS Basildon and Brentwood CCG,2.7,2.2,3.3,"3,030",82
2013,01/01/2013 to 31/12/2013,CCG,E38000008,02Q,NHS Bassetlaw CCG,2.2,1.5,3.2,"1,112",24
2013,01/01/2013 to 31/12/2013,CCG,E38000009,11E,NHS Bath and North East Somerset CCG,1.9,1.4,2.7,"1,723",33
2013,01/01/2013 to 31/12/2013,CCG,E38000010,06F,NHS Bedfordshire CCG,2.7,2.2,3.2,"4,814",128
2013,01/01/2013 to 31/12/2013,CCG,E38000011,07N,NHS Bexley CCG,2.2,1.7,2.8,"2,737",60
2013,01/01/2013 to 31/12/2013,CCG,E38000012,13P,NHS Birmingham CrossCity CCG,3.4,3.0,3.7,"10,279",345
2013,01/01/2013 to 31/12/2013,CCG,E38000013,04X,NHS Birmingham South and Central CCG,4.3,3.7,5.1,"2,904",126
2013,01/01/2013 to 31/12/2013,CCG,E38000014,00Q,NHS Blackburn with Darwen CCG,4.1,3.3,5.1,"2,091",86
2013,01/01/2013 to 31/12/2013,CCG,E38000015,00R,NHS Blackpool CCG,4.3,3.4,5.5,"1,498",65
2013,01/01/2013 to 31/12/2013,CCG,E38000016,00T,NHS Bolton CCG,4.1,3.5,4.8,"3,486",143
2013,01/01/2013 to 31/12/2013,CCG,E38000017,10G,NHS Bracknell and Ascot CCG,1.9,1.3,2.7,"1,455",27
2013,01/01/2013 to 31/12/2013,CCG,E38000018,02W,NHS Bradford City CCG,4.1,3.2,5.2,"1,543",63
2013,01/01/2013 to 31/12/2013,CCG,E38000019,02R,NHS Bradford Districts CCG,3.7,3.2,4.3,"4,539",169
2013,01/01/2013 to 31/12/2013,CCG,E38000020,07P,NHS Brent CCG,3.6,3.1,4.2,"4,766",172
2013,01/01/2013 to 31/12/2013,CCG,E38000021,09D,NHS Brighton and Hove CCG,2.9,2.3,3.6,"2,705",78
2013,01/01/2013 to 31/12/2013,CCG,E38000022,11H,NHS Bristol CCG,2.5,2.1,2.9,"5,860",147
2013,01/01/2013 to 31/12/2013,CCG,E38000023,07Q,NHS Bromley CCG,2.8,2.3,3.3,"3,619",100
2013,01/01/2013 to 31/12/2013,CCG,E38000024,00V,NHS Bury CCG,3.0,2.4,3.8,"2,265",69
2013,01/01/2013 to 31/12/2013,CCG,E38000025,02T,NHS Calderdale CCG,3.2,2.6,4.0,"2,316",75
2013,01/01/2013 to 31/12/2013,CCG,E38000026,06H,NHS Cambridgeshire and Peterborough CCG,2.5,2.2,2.8,"10,210",254
2013,01/01/2013 to 31/12/2013,CCG,E38000027,07R,NHS Camden CCG,3.2,2.6,3.9,"2,522",80
2013,01/01/2013 to 31/12/2013,CCG,E38000028,04Y,NHS Cannock Chase CCG,1.7,1.1,2.5,"1,424",24
2013,01/01/2013 to 31/12/2013,CCG,E38000029,09E,NHS Canterbury and Coastal CCG,2.5,1.8,3.3,"1,702",42
2013,01/01/2013 to 31/12/2013,CCG,E38000030,99F,NHS Castle Point and Rochford CCG,2.2,1.5,3.1,"1,388",30
2013,01/01/2013 to 31/12/2013,CCG,E38000031,09A,NHS Central London (Westminster) CCG,2.5,1.9,3.4,"1,669",42
2013,01/01/2013 to 31/12/2013,CCG,E38000032,00W,NHS Central Manchester CCG,3.5,2.9,4.3,"2,621",93
2013,01/01/2013 to 31/12/2013,CCG,E38000033,10H,NHS Chiltern CCG,2.4,1.9,3.0,"3,283",79
2013,01/01/2013 to 31/12/2013,CCG,E38000034,00X,NHS Chorley and South Ribble CCG,2.1,1.5,2.9,"1,735",36
2013,01/01/2013 to 31/12/2013,CCG,E38000035,07T,NHS City and Hackney CCG,3.2,2.7,3.8,"4,105",131
2013,01/01/2013 to 31/12/2013,CCG,E38000036,09G,NHS Coastal West Sussex,2.3,1.9,2.8,"4,387",101
2013,01/01/2013 to 31/12/2013,CCG,E38000037,03V,NHS Corby CCG,2.7,1.8,4.0,866,23
2013,01/01/2013 to 31/12/2013,CCG,E38000038,05A,NHS Coventry and Rugby CCG,3.0,2.5,3.4,"5,279",156
2013,01/01/2013 to 31/12/2013,CCG,E38000039,09H,NHS Crawley CCG,2.5,1.8,3.5,"1,466",37
2013,01/01/2013 to 31/12/2013,CCG,E38000040,07V,NHS Croydon CCG,3.4,2.9,3.9,"5,151",175
2013,01/01/2013 to 31/12/2013,CCG,E38000041,01H,NHS Cumbria CCG,2.2,1.8,2.6,"4,465",97
2013,01/01/2013 to 31/12/2013,CCG,E38000042,00C,NHS Darlington CCG,2.2,1.5,3.2,"1,111",24
2013,01/01/2013 to 31/12/2013,CCG,E38000043,09J,"NHS Dartford, Gravesham and Swanley CCG",2.4,1.9,3.0,"3,058",73
2013,01/01/2013 to 31/12/2013,CCG,E38000044,02X,NHS Doncaster CCG,3.4,2.9,4.1,"3,339",115
2013,01/01/2013 to 31/12/2013,CCG,E38000045,11J,NHS Dorset CCG,2.5,2.2,3.0,"6,714",171
2013,01/01/2013 to 31/12/2013,CCG,E38000046,05C,NHS Dudley CCG,3.7,3.1,4.3,"3,556",130
2013,01/01/2013 to 31/12/2013,CCG,E38000047,00D,"NHS Durham Dales, Easington and Sedgefield CCG",2.5,2.0,3.2,"2,697",68
2013,01/01/2013 to 31/12/2013,CCG,E38000048,07W,NHS Ealing CCG,3.1,2.6,3.6,"4,927",151
2013,01/01/2013 to 31/12/2013,CCG,E38000049,06K,NHS East and North Hertfordshire CCG,2.4,2.0,2.8,"6,113",147
2013,01/01/2013 to 31/12/2013,CCG,E38000050,01A,NHS East Lancashire CCG,3.3,2.8,3.8,"4,370",143
2013,01/01/2013 to 31/12/2013,CCG,E38000051,03W,NHS East Leicestershire and Rutland CCG,2.6,2.0,3.2,"2,892",74
2013,01/01/2013 to 31/12/2013,CCG,E38000052,02Y,NHS East Riding of Yorkshire CCG,2.0,1.5,2.6,"2,598",51
2013,01/01/2013 to 31/12/2013,CCG,E38000053,05D,NHS East Staffordshire CCG,2.0,1.4,2.9,"1,337",27
2013,01/01/2013 to 31/12/2013,CCG,E38000054,09L,NHS East Surrey CCG,1.8,1.3,2.5,"2,084",38
2013,01/01/2013 to 31/12/2013,CCG,E38000055,09F,"NHS Eastbourne, Hailsham and Seaford CCG",1.9,1.4,2.7,"1,678",32
2013,01/01/2013 to 31/12/2013,CCG,E38000056,01C,NHS Eastern Cheshire CCG,2.6,1.9,3.4,"1,757",45
2013,01/01/2013 to 31/12/2013,CCG,E38000057,07X,NHS Enfield CCG,3.1,2.7,3.7,"4,417",139
2013,01/01/2013 to 31/12/2013,CCG,E38000058,03X,NHS Erewash CCG,2.3,1.5,3.4,"1,021",23
2013,01/01/2013 to 31/12/2013,CCG,E38000059,10K,NHS Fareham and Gosport CCG,2.5,1.9,3.3,"1,842",46
2013,01/01/2013 to 31/12/2013,CCG,E38000060,02M,NHS Fylde and Wyre CCG,2.0,1.4,2.9,"1,301",26
2013,01/01/2013 to 31/12/2013,CCG,E38000062,11M,NHS Gloucestershire CCG,2.5,2.1,2.9,"5,972",150
2013,01/01/2013 to 31/12/2013,CCG,E38000063,06M,NHS Great Yarmouth and Waveney CCG,2.4,1.8,3.1,"2,118",50
2013,01/01/2013 to 31/12/2013,CCG,E38000064,03A,NHS Greater Huddersfield CCG,2.4,1.9,3.1,"2,662",64
2013,01/01/2013 to 31/12/2013,CCG,E38000065,01E,NHS Greater Preston CCG,3.5,2.8,4.3,"2,237",78
2013,01/01/2013 to 31/12/2013,CCG,E38000066,08A,NHS Greenwich CCG,2.9,2.4,3.5,"4,064",118
2013,01/01/2013 to 31/12/2013,CCG,E38000067,09N,NHS Guildford and Waverley,1.5,1.0,2.1,"1,959",29
2013,01/01/2013 to 31/12/2013,CCG,E38000068,01F,NHS Halton CCG,2.3,1.6,3.2,"1,461",33
2013,01/01/2013 to 31/12/2013,CCG,E38000069,03D,"NHS Hambleton, Richmondshire and Whitby CCG",1.4,0.9,2.2,"1,289",18
2013,01/01/2013 to 31/12/2013,CCG,E38000070,08C,NHS Hammersmith and Fulham CCG,2.9,2.3,3.7,"2,362",69
2013,01/01/2013 to 31/12/2013,CCG,E38000071,03Y,NHS Hardwick CCG,2.9,2.1,4.1,"1,099",32
2013,01/01/2013 to 31/12/2013,CCG,E38000072,08D,NHS Haringey CCG,3.2,2.7,3.8,"3,732",119
2013,01/01/2013 to 31/12/2013,CCG,E38000073,03E,NHS Harrogate and Rural District CCG,2.5,1.8,3.4,"1,336",33
2013,01/01/2013 to 31/12/2013,CCG,E38000074,08E,NHS Harrow CCG,3.7,3.1,4.4,"3,250",119
2013,01/01/2013 to 31/12/2013,CCG,E38000075,00K,NHS Hartlepool and Stockton-on-Tees CCG,3.0,2.5,3.7,"3,173",96
2013,01/01/2013 to 31/12/2013,CCG,E38000076,09P,NHS Hastings and Rother CCG,2.6,1.9,3.4,"1,749",45
2013,01/01/2013 to 31/12/2013,CCG,E38000077,08F,NHS Havering CCG,2.8,2.2,3.4,"2,779",77
2013,01/01/2013 to 31/12/2013,CCG,E38000078,05F,NHS Herefordshire CCG,2.3,1.7,3.1,"1,692",39
2013,01/01/2013 to 31/12/2013,CCG,E38000079,06N,NHS Herts Valleys CCG,2.3,2.0,2.7,"6,832",160
2013,01/01/2013 to 31/12/2013,CCG,E38000080,01D,"NHS Heywood, Middleton and Rochdale CCG",3.8,3.2,4.6,"2,764",106
2013,01/01/2013 to 31/12/2013,CCG,E38000081,99K,NHS High Weald Lewes Havens CCG,1.6,1.0,2.4,"1,410",22
2013,01/01/2013 to 31/12/2013,CCG,E38000082,08G,NHS Hillingdon CCG,3.0,2.5,3.6,"3,828",116
2013,01/01/2013 to 31/12/2013,CCG,E38000083,09X,NHS Horsham and Mid Sussex CCG,2.1,1.6,2.8,"2,168",45
2013,01/01/2013 to 31/12/2013,CCG,E38000084,07Y,NHS Hounslow CCG,3.3,2.8,3.9,"4,037",133
2013,01/01/2013 to 31/12/2013,CCG,E38000085,03F,NHS Hull CCG,2.7,2.2,3.3,"3,443",93
2013,01/01/2013 to 31/12/2013,CCG,E38000086,06L,NHS Ipswich and East Suffolk CCG,2.1,1.7,2.6,"3,848",80
2013,01/01/2013 to 31/12/2013,CCG,E38000087,10L,NHS Isle of Wight CCG,2.6,1.8,3.6,"1,201",31
2013,01/01/2013 to 31/12/2013,CCG,E38000088,08H,NHS Islington CCG,3.0,2.4,3.8,"2,554",77
2013,01/01/2013 to 31/12/2013,CCG,E38000089,11N,NHS Kernow CCG,2.6,2.2,3.1,"5,074",134
2013,01/01/2013 to 31/12/2013,CCG,E38000090,08J,NHS Kingston CCG,2.9,2.2,3.7,"1,927",55
2013,01/01/2013 to 31/12/2013,CCG,E38000091,01J,NHS Knowsley CCG,3.5,2.7,4.5,"1,645",58
2013,01/01/2013 to 31/12/2013,CCG,E38000092,08K,NHS Lambeth CCG,2.7,2.3,3.3,"4,222",116
2013,01/01/2013 to 31/12/2013,CCG,E38000093,01K,NHS Lancashire North CCG,2.7,2.0,3.6,"1,507",40
2013,01/01/2013 to 31/12/2013,CCG,E38000094,02V,NHS Leeds North CCG,2.7,2.1,3.4,"2,328",62
2013,01/01/2013 to 31/12/2013,CCG,E38000095,03G,NHS Leeds South and East CCG,3.2,2.6,3.8,"3,432",109
2013,01/01/2013 to 31/12/2013,CCG,E38000096,03C,NHS Leeds West CCG,3.3,2.7,3.9,"3,727",122
2013,01/01/2013 to 31/12/2013,CCG,E38000097,04C,NHS Leicester City CCG,4.4,3.8,5.0,"4,600",202
2013,01/01/2013 to 31/12/2013,CCG,E38000098,08L,NHS Lewisham CCG,3.1,2.6,3.7,"4,418",137
2013,01/01/2013 to 31/12/2013,CCG,E38000099,03T,NHS Lincolnshire East CCG,2.1,1.6,2.8,"2,150",45
2013,01/01/2013 to 31/12/2013,CCG,E38000100,04D,NHS Lincolnshire West CCG,2.1,1.6,2.8,"2,344",50
2013,01/01/2013 to 31/12/2013,CCG,E38000101,99A,NHS Liverpool CCG,2.7,2.3,3.2,"5,136",139
2013,01/01/2013 to 31/12/2013,CCG,E38000102,06P,NHS Luton CCG,3.9,3.3,4.7,"3,112",122
2013,01/01/2013 to 31/12/2013,CCG,E38000103,04E,NHS Mansfield and Ashfield CCG,3.3,2.6,4.1,"2,176",72
2013,01/01/2013 to 31/12/2013,CCG,E38000104,09W,NHS Medway CCG,2.2,1.7,2.8,"3,150",69
2013,01/01/2013 to 31/12/2013,CCG,E38000105,08R,NHS Merton CCG,2.7,2.1,3.3,"3,125",83
2013,01/01/2013 to 31/12/2013,CCG,E38000106,06Q,NHS Mid Essex CCG,1.5,1.1,1.9,"3,831",56
2013,01/01/2013 to 31/12/2013,CCG,E38000107,04F,NHS Milton Keynes CCG,3.2,2.7,3.8,"3,619",115
2013,01/01/2013 to 31/12/2013,CCG,E38000108,04G,NHS Nene CCG,2.3,2.0,2.7,"7,268",167
2013,01/01/2013 to 31/12/2013,CCG,E38000109,04H,NHS Newark and Sherwood CCG,2.1,1.4,3.1,"1,116",23
2013,01/01/2013 to 31/12/2013,CCG,E38000110,10M,NHS Newbury and District CCG,2.4,1.7,3.5,"1,116",27
2013,01/01/2013 to 31/12/2013,CCG,E38000212,13T,NHS Newcastle Gateshead CCG,3.4,3.0,3.9,"5,208",178
2013,01/01/2013 to 31/12/2013,CCG,E38000113,08M,NHS Newham CCG,4.9,4.3,5.5,"5,652",275
2013,01/01/2013 to 31/12/2013,CCG,E38000114,10N,NHS North and West Reading CCG,2.7,1.8,3.8,"1,054",28
2013,01/01/2013 to 31/12/2013,CCG,E38000115,04J,NHS North Derbyshire CCG,2.3,1.7,3.0,"2,249",51
2013,01/01/2013 to 31/12/2013,CCG,E38000116,00J,NHS North Durham CCG,2.2,1.6,2.8,"2,268",49
2013,01/01/2013 to 31/12/2013,CCG,E38000117,06T,NHS North East Essex CCG,2.1,1.6,2.6,"3,313",69
2013,01/01/2013 to 31/12/2013,CCG,E38000118,99M,NHS North East Hampshire and Farnham CCG,2.1,1.6,2.8,"2,265",48
2013,01/01/2013 to 31/12/2013,CCG,E38000119,03H,NHS North East Lincolnshire CCG,2.3,1.7,3.1,"1,722",40
2013,01/01/2013 to 31/12/2013,CCG,E38000120,10J,NHS North Hampshire CCG,1.7,1.3,2.4,"2,406",42
2013,01/01/2013 to 31/12/2013,CCG,E38000121,03J,NHS North Kirklees CCG,4.8,4.0,5.7,"2,544",121
2013,01/01/2013 to 31/12/2013,CCG,E38000122,03K,NHS North Lincolnshire CCG,3.4,2.6,4.4,"1,678",57
2013,01/01/2013 to 31/12/2013,CCG,E38000123,01M,NHS North Manchester CCG,3.0,2.4,3.7,"2,502",74
2013,01/01/2013 to 31/12/2013,CCG,E38000124,06V,NHS North Norfolk CCG,1.9,1.3,2.8,"1,291",24
2013,01/01/2013 to 31/12/2013,CCG,E38000125,11T,NHS North Somerset CCG,1.9,1.4,2.6,"2,007",39
2013,01/01/2013 to 31/12/2013,CCG,E38000126,05G,NHS North Staffordshire CCG,3.2,2.5,4.2,"1,768",57
2013,01/01/2013 to 31/12/2013,CCG,E38000127,99C,NHS North Tyneside CCG,2.4,1.8,3.2,"2,069",50
2013,01/01/2013 to 31/12/2013,CCG,E38000128,09Y,NHS North West Surrey CCG,2.9,2.4,3.4,"4,138",118
2013,01/01/2013 to 31/12/2013,CCG,E38000129,99P,"NHS Northern, Eastern and Western Devon CCG",2.8,2.4,3.1,"8,350",230
2013,01/01/2013 to 31/12/2013,CCG,E38000130,00L,NHS Northumberland CCG,2.8,2.3,3.5,"2,546",72
2013,01/01/2013 to 31/12/2013,CCG,E38000131,06W,NHS Norwich CCG,3.3,2.7,4.2,"2,189",73
2013,01/01/2013 to 31/12/2013,CCG,E38000132,04K,NHS Nottingham City CCG,3.6,3.0,4.2,"3,955",141
2013,01/01/2013 to 31/12/2013,CCG,E38000133,04L,NHS Nottingham North and East CCG,3.0,2.3,4.0,"1,610",49
2013,01/01/2013 to 31/12/2013,CCG,E38000134,04M,NHS Nottingham West CCG,2.7,1.9,3.8,"1,120",30
2013,01/01/2013 to 31/12/2013,CCG,E38000135,00Y,NHS Oldham CCG,4.1,3.4,4.9,"2,982",122
2013,01/01/2013 to 31/12/2013,CCG,E38000136,10Q,NHS Oxfordshire CCG,2.5,2.2,2.9,"7,022",176
2013,01/01/2013 to 31/12/2013,CCG,E38000137,10R,NHS Portsmouth CCG,2.5,1.9,3.2,"2,535",63
2013,01/01/2013 to 31/12/2013,CCG,E38000138,08N,NHS Redbridge CCG,4.0,3.4,4.6,"4,237",169
2013,01/01/2013 to 31/12/2013,CCG,E38000139,05J,NHS Redditch and Bromsgrove CCG,1.9,1.3,2.6,"1,779",33
2013,01/01/2013 to 31/12/2013,CCG,E38000140,08P,NHS Richmond CCG,2.1,1.6,2.7,"2,594",55
2013,01/01/2013 to 31/12/2013,CCG,E38000141,03L,NHS Rotherham CCG,3.5,2.8,4.2,"2,865",99
2013,01/01/2013 to 31/12/2013,CCG,E38000142,04N,NHS Rushcliffe CCG,2.8,2.0,4.0,996,28
2013,01/01/2013 to 31/12/2013,CCG,E38000143,01G,NHS Salford CCG,2.6,2.1,3.2,"3,228",83
2013,01/01/2013 to 31/12/2013,CCG,E38000144,05L,NHS Sandwell and West Birmingham CCG,4.9,4.4,5.4,"7,131",348
2013,01/01/2013 to 31/12/2013,CCG,E38000145,03M,NHS Scarborough and Ryedale CCG,3.4,2.4,4.7,950,32
2013,01/01/2013 to 31/12/2013,CCG,E38000146,03N,NHS Sheffield CCG,3.1,2.7,3.5,"6,086",186
2013,01/01/2013 to 31/12/2013,CCG,E38000147,05N,NHS Shropshire CCG,2.6,2.1,3.3,"2,625",69
2013,01/01/2013 to 31/12/2013,CCG,E38000148,10T,NHS Slough CCG,3.7,3.0,4.6,"2,325",87
2013,01/01/2013 to 31/12/2013,CCG,E38000149,05P,NHS Solihull CCG,2.1,1.6,2.8,"2,031",43
2013,01/01/2013 to 31/12/2013,CCG,E38000150,11X,NHS Somerset CCG,2.2,1.8,2.6,"5,058",109
2013,01/01/2013 to 31/12/2013,CCG,E38000151,01R,NHS South Cheshire CCG,1.7,1.2,2.5,"1,558",27
2013,01/01/2013 to 31/12/2013,CCG,E38000152,99Q,NHS South Devon and Torbay CCG,2.9,2.3,3.7,"2,557",75
2013,01/01/2013 to 31/12/2013,CCG,E38000153,05Q,NHS South East Staffordshire and Seisdon Peninsula CCG,2.1,1.6,2.9,"2,021",43
2013,01/01/2013 to 31/12/2013,CCG,E38000154,10V,NHS South Eastern Hampshire CCG,2.3,1.7,3.1,"1,882",44
2013,01/01/2013 to 31/12/2013,CCG,E38000155,12A,NHS South Gloucestershire CCG,1.6,1.2,2.1,"2,761",43
2013,01/01/2013 to 31/12/2013,CCG,E38000156,10A,NHS South Kent Coast CCG,2.0,1.5,2.7,"1,949",39
2013,01/01/2013 to 31/12/2013,CCG,E38000157,99D,NHS South Lincolnshire CCG,2.6,1.9,3.6,"1,334",35
2013,01/01/2013 to 31/12/2013,CCG,E38000158,01N,NHS South Manchester CCG,2.7,2.1,3.4,"2,145",57
2013,01/01/2013 to 31/12/2013,CCG,E38000159,06Y,NHS South Norfolk CCG,1.8,1.3,2.4,"2,296",41
2013,01/01/2013 to 31/12/2013,CCG,E38000160,10W,NHS South Reading CCG,2.5,1.8,3.3,"1,688",42
2013,01/01/2013 to 31/12/2013,CCG,E38000161,01T,NHS South Sefton CCG,1.6,1.1,2.3,"1,649",26
2013,01/01/2013 to 31/12/2013,CCG,E38000162,00M,NHS South Tees CCG,3.2,2.7,3.9,"3,231",105
2013,01/01/2013 to 31/12/2013,CCG,E38000163,00N,NHS South Tyneside CCG,2.8,2.1,3.8,"1,515",43
2013,01/01/2013 to 31/12/2013,CCG,E38000164,05R,NHS South Warwickshire CCG,2.0,1.5,2.6,"2,409",47
2013,01/01/2013 to 31/12/2013,CCG,E38000165,04Q,NHS South West Lincolnshire CCG,2.2,1.5,3.2,"1,173",26
2013,01/01/2013 to 31/12/2013,CCG,E38000166,05T,NHS South Worcestershire CCG,1.9,1.4,2.4,"2,745",51
2013,01/01/2013 to 31/12/2013,CCG,E38000167,10X,NHS Southampton CCG,2.7,2.2,3.3,"3,044",82
2013,01/01/2013 to 31/12/2013,CCG,E38000168,99G,NHS Southend CCG,1.8,1.3,2.5,"2,060",37
2013,01/01/2013 to 31/12/2013,CCG,E38000169,04R,NHS Southern Derbyshire CCG,3.4,3.0,3.9,"5,593",192
2013,01/01/2013 to 31/12/2013,CCG,E38000170,01V,NHS Southport and Formby CCG,1.9,1.2,2.9,967,18
2013,01/01/2013 to 31/12/2013,CCG,E38000171,08Q,NHS Southwark CCG,2.5,2.1,3.0,"4,332",109
2013,01/01/2013 to 31/12/2013,CCG,E38000172,01X,NHS St Helens CCG,1.7,1.2,2.4,"1,846",32
2013,01/01/2013 to 31/12/2013,CCG,E38000173,05V,NHS Stafford and Surrounds CCG,2.3,1.6,3.3,"1,290",30
2013,01/01/2013 to 31/12/2013,CCG,E38000174,01W,NHS Stockport CCG,2.2,1.8,2.8,"3,124",70
2013,01/01/2013 to 31/12/2013,CCG,E38000175,05W,NHS Stoke on Trent CCG,4.2,3.5,4.9,"3,280",137
2013,01/01/2013 to 31/12/2013,CCG,E38000176,00P,NHS Sunderland CCG,4.1,3.4,4.9,"2,738",112
2013,01/01/2013 to 31/12/2013,CCG,E38000177,99H,NHS Surrey Downs CCG,2.5,2.0,3.1,"2,865",71
2013,01/01/2013 to 31/12/2013,CCG,E38000178,10C,NHS Surrey Heath CCG,2.0,1.3,3.1,984,20
2013,01/01/2013 to 31/12/2013,CCG,E38000179,08T,NHS Sutton CCG,2.2,1.7,2.9,"2,424",54
2013,01/01/2013 to 31/12/2013,CCG,E38000180,10D,NHS Swale CCG,2.3,1.6,3.3,"1,291",30
2013,01/01/2013 to 31/12/2013,CCG,E38000181,12D,NHS Swindon CCG,2.8,2.3,3.5,"2,652",75
2013,01/01/2013 to 31/12/2013,CCG,E38000182,01Y,NHS Tameside and Glossop CCG,3.2,2.7,3.9,"2,963",96
2013,01/01/2013 to 31/12/2013,CCG,E38000183,05X,NHS Telford and Wrekin CCG,3.1,2.4,3.9,"1,986",61
2013,01/01/2013 to 31/12/2013,CCG,E38000184,10E,NHS Thanet CCG,3.8,3.0,4.9,"1,493",57
2013,01/01/2013 to 31/12/2013,CCG,E38000185,07G,NHS Thurrock CCG,2.8,2.2,3.6,"2,130",60
2013,01/01/2013 to 31/12/2013,CCG,E38000186,08V,NHS Tower Hamlets CCG,4.6,4.0,5.3,"4,267",196
2013,01/01/2013 to 31/12/2013,CCG,E38000187,02A,NHS Trafford CCG,2.8,2.2,3.5,"2,611",72
2013,01/01/2013 to 31/12/2013,CCG,E38000188,03Q,NHS Vale of York CCG,2.5,2.0,3.1,"3,169",80
2013,01/01/2013 to 31/12/2013,CCG,E38000189,02D,NHS Vale Royal CCG,3.0,2.1,4.2,"1,002",30
2013,01/01/2013 to 31/12/2013,CCG,E38000190,03R,NHS Wakefield CCG,2.7,2.2,3.2,"3,725",99
2013,01/01/2013 to 31/12/2013,CCG,E38000191,05Y,NHS Walsall CCG,4.1,3.5,4.8,"3,337",136
2013,01/01/2013 to 31/12/2013,CCG,E38000192,08W,NHS Waltham Forest CCG,3.7,3.2,4.4,"4,348",163
2013,01/01/2013 to 31/12/2013,CCG,E38000193,08X,NHS Wandsworth CCG,2.5,2.1,3.0,"4,751",121
2013,01/01/2013 to 31/12/2013,CCG,E38000194,02E,NHS Warrington CCG,2.0,1.5,2.7,"2,198",45
2013,01/01/2013 to 31/12/2013,CCG,E38000195,05H,NHS Warwickshire North CCG,2.9,2.2,3.7,"2,043",59
2013,01/01/2013 to 31/12/2013,CCG,E38000196,02F,NHS West Cheshire CCG,1.8,1.4,2.5,"2,243",41
2013,01/01/2013 to 31/12/2013,CCG,E38000197,07H,NHS West Essex CCG,2.4,1.9,3.0,"3,282",79
2013,01/01/2013 to 31/12/2013,CCG,E38000198,11A,NHS West Hampshire CCG,2.1,1.7,2.5,"5,176",109
2013,01/01/2013 to 31/12/2013,CCG,E38000199,99J,NHS West Kent CCG,2.4,2.0,2.9,"4,891",118
2013,01/01/2013 to 31/12/2013,CCG,E38000200,02G,NHS West Lancashire CCG,2.0,1.3,3.1,"1,044",21
2013,01/01/2013 to 31/12/2013,CCG,E38000201,04V,NHS West Leicestershire CCG,2.2,1.7,2.7,"3,439",75
2013,01/01/2013 to 31/12/2013,CCG,E38000202,08Y,NHS West London CCG,2.4,1.9,3.1,"2,411",58
2013,01/01/2013 to 31/12/2013,CCG,E38000203,07J,NHS West Norfolk CCG,2.6,1.9,3.4,"1,716",44
2013,01/01/2013 to 31/12/2013,CCG,E38000204,07K,NHS West Suffolk CCG,2.2,1.7,2.9,"2,325",52
2013,01/01/2013 to 31/12/2013,CCG,E38000205,02H,NHS Wigan Borough CCG,2.2,1.8,2.8,"3,367",74
2013,01/01/2013 to 31/12/2013,CCG,E38000206,99N,NHS Wiltshire CCG,2.1,1.7,2.6,"4,737",100
2013,01/01/2013 to 31/12/2013,CCG,E38000207,11C,"NHS Windsor, Ascot and Maidenhead CCG",2.2,1.5,3.1,"1,471",32
2013,01/01/2013 to 31/12/2013,CCG,E38000208,12F,NHS Wirral CCG,2.2,1.7,2.7,"3,204",69
2013,01/01/2013 to 31/12/2013,CCG,E38000209,11D,NHS Wokingham CCG,2.2,1.6,3.1,"1,587",35
2013,01/01/2013 to 31/12/2013,CCG,E38000210,06A,NHS Wolverhampton CCG,3.3,2.8,4.0,"3,146",105
2013,01/01/2013 to 31/12/2013,CCG,E38000211,06D,NHS Wyre Forest CCG,2.8,1.9,4.0,971,27
